-- Laboratorios (INSERT si no existen - usar idcliente existente para PORTUGAL, etc)
INSERT INTO `cliente` (`nombres`, `id_tipo_docu`, `direccion`, `nrodoc`, `tipo`) VALUES
('BONAPHARM', 4, '', '', 'laboratorio'),
('DISTRIBUIDORA DROGUERÍA LAS AMÉRICAS', 4, '', '', 'laboratorio'),
('HALEON', 4, '', '', 'laboratorio'),
('LANSIER', 4, '', '', 'laboratorio'),
('MEDIFARMA', 4, '', '', 'laboratorio'),
('DROPESAC', 4, '', '', 'laboratorio'),
('NINET', 4, '', '', 'laboratorio'),
('AC FARMA', 4, '', '', 'laboratorio'),
('QILAB', 4, '', '', 'laboratorio'),
('FARMINDUSTRIA', 4, '', '', 'laboratorio'),
('GENFAR', 4, '', '', 'laboratorio'),
('INTIPHARMA', 4, '', '', 'laboratorio'),
('IQFARMA', 4, '', '', 'laboratorio'),
('LABOGEN', 4, '', '', 'laboratorio'),
('OQ PHARMACEUTIC', 4, '', '', 'laboratorio'),
('FARVET', 4, '', '', 'laboratorio'),
('OQCORP', 4, '', '', 'laboratorio'),
('PORTUGAL', 4, '', '', 'laboratorio'),
('VITALIS', 4, '', '', 'laboratorio'),
('APROPO', 4, '', '', 'laboratorio'),
('GENCOPHARMACEUTICAL', 4, '', '', 'laboratorio'),
('PUIG', 4, '', '', 'laboratorio'),
('IQ MEDIC', 4, '', '', 'laboratorio'),
('COLGATE', 4, '', '', 'laboratorio'),
('JOHNSON Y JOHNSON', 4, '', '', 'laboratorio'),
('JENFARMA', 4, '', '', 'laboratorio'),
('KIMBERLY CLARK', 4, '', '', 'laboratorio'),
('LUCERITO', 4, '', '', 'laboratorio'),
('MEGA WECARE LIFE', 4, '', '', 'laboratorio'),
('SANCELA - NOSOTRAS', 4, '', '', 'laboratorio'),
('PROCTER&GAMBLE', 4, '', '', 'laboratorio'),
('QUILAB', 4, '', '', 'laboratorio'),
('ROXFARMA', 4, '', '', 'laboratorio'),
('SIEGFRIED', 4, '', '', 'laboratorio'),
('PROTISA', 4, '', '', 'laboratorio'),
('UNILEVER', 4, '', '', 'laboratorio'),
('YOBEL SUPPLY', 4, '', '', 'laboratorio'),
('B.BRAUN', 4, '', '', 'laboratorio'),
('CIDASA', 4, '', '', 'laboratorio'),
('D LEOS', 4, '', '', 'laboratorio'),
('BEIERSDORF', 4, '', '', 'laboratorio'),
('GARDEN HOUSE', 4, '', '', 'laboratorio'),
('FARMAQUIL', 4, '', '', 'laboratorio'),
('SHERFARM', 4, '', '', 'laboratorio'),
('VICK', 4, '', '', 'laboratorio'),
('VIDASOL', 4, '', '', 'laboratorio'),
('BAYER', 4, '', '', 'laboratorio'),
('MARKOS', 4, '', '', 'laboratorio'),
('EUROQUIM', 4, '', '', 'laboratorio'),
('GENOMMA LAB', 4, '', '', 'laboratorio'),
('QUIMICA SUIZA', 4, '', '', 'laboratorio'),
('ALICORP S.A.A.', 4, '', '', 'laboratorio'),
('DELFARMA', 4, '', '', 'laboratorio'),
('TECNOFARMA', 4, '', '', 'laboratorio'),
('S/LAB', 4, '', '', 'laboratorio');

-- Lotes
INSERT INTO `lote` (`numero`, `fecha_vencimiento`, `idsucu_c`) VALUES
('DGN00125','2027-06-01',1),('2502080101','2028-04-02',1),('L0067A','2027-01-01',1),('202585','2028-02-01',1),('2094395','2027-09-01',1),('J24026','2026-10-30',1),('QZ20250816A7','2028-08-01',1),('2034145','2027-03-01',1),('2070975','2027-07-01',1),('2111095','2027-11-01',1),('2100065','2027-10-01',1),('21263464','2026-12-01',1),('209861485','2028-01-01',1),('20963035','2027-09-01',1),('20301535','2027-03-01',1),('20524435','2027-05-01',1),('20733365','2028-07-01',1),('20173065','2027-07-01',1),('F01212A','2027-05-01',1),('985955','2027-05-01',1),('F01504A','2027-06-01',1),('F01773A','2027-08-01',1),('E01734A','2027-08-01',1),('2410109','2027-10-01',1),('250318','2028-03-01',1),('20301195','2028-03-01',1),('20801523','2027-08-01',1),('20100275','2028-01-01',1),('2050325','2028-05-01',1),('2060315','2028-06-01',1),('2070175','2028-07-01',1),('2070475','2028-07-01',1),('253052006','2028-01-01',1),('2123205','2027-12-01',1),('2508318','2028-08-01',1),('2067365','2028-06-01',1),('2070115','2027-07-01',1),('2092435','2028-09-01',1),('2058945','2028-05-01',1),('2100255','2028-10-01',1),('2085015','2028-08-01',1),('2072795','2028-07-01',1),('2012235','2028-01-01',1),('2060505','2028-08-01',1),('2087495','2028-08-01',1),('2097795','2028-09-01',1),('2103315','2028-10-01',1),('2085685','2028-08-01',1),('2082525','2028-08-01',1),('2114025','2028-11-01',1),('2092875','2028-09-01',1),('2063815','2028-06-01',1),('2128824','2027-12-01',1),('2087055','2027-08-01',1),('2083195','2028-08-01',1),('2040205','2028-04-01',1),('2030065','2028-03-01',1),('2026985','2028-02-01',1),('2091275','2027-10-01',1),('2092845','2028-09-01',1),('2105775','2027-10-01',1),('A250761','2028-10-01',1),('M49250308','2029-08-31',1),('M25250205','2030-01-01',1),('M31250102','2029-12-01',1),('M23250402','2030-03-01',1),('M24250304','2030-02-01',1),('M43240903','2029-08-31',1),('M42250111','2029-12-01',1),('251015','2030-10-01',1),('250826','2030-08-01',1),('T250918','2030-03-01',1),('250829','2030-08-01',1),('250206','2030-01-01',1),('211224','2027-11-30',1),('51892','2030-07-01',1),('20240716','2029-07-01',1),('250305','2030-02-01',1),('20250516','2030-05-01',1),('0928','2030-05-01',1),('250310','2030-02-01',1),('5256CO1013','2027-09-01',1),('5314CO1013','2027-11-01',1),('5267CO1013','2025-01-09',1),('5220CO1012','2027-08-02',1),('5191CO1011','2027-07-01',1),('208275','2028-08-01',1),('01B025','2028-07-01',1),('5162C245B1','2027-05-01',1),('5049C245B1','2027-01-01',1),('5139C245B1','2027-04-01',1),('5227C245B1','2027-07-01',1),('5155B62924','2027-06-01',1),('5239B62929','2027-08-01',1),('5094B6292Y','2027-04-01',1),('2508320','2028-08-01',1),('2505003','2028-05-01',1),('75532','2028-07-01',1),('2086635','2028-08-31',1),('5248','2028-09-01',1),('TMG','2028-07-01',1),('TXE','2028-05-01',1),('WXI','2028-09-01',1),('5143','2028-05-01',1),('WXD','2028-04-01',1),('2508075010','2028-08-01',1),('S2410173','2027-03-01',1),('S2540214','2028-04-01',1),('AD2509001','2028-09-01',1),('21010125','2027-11-01',1),('21010315','2027-10-01',1),('21110225','2027-10-01',1),('20500655','2027-05-01',1),('B250253','2027-05-01',1),('20250803','2028-08-01',1),('20702285','2028-07-01',1),('2485COJ','2027-09-01',1),('5263CO1028','2027-04-01',1),('230625','2027-06-01',1),('240915103','2029-09-01',1),('25C02D1','2027-03-01',1),('RN102510028','2028-10-01',1),('5029C60103','2027-11-01',1),('172225','2028-07-01',1),('2062065','2028-06-01',1),('21001695','2027-10-01',1),('20801125','2027-08-01',1),('20802565','2027-08-01',1),('2080385','2027-08-01',1),('2050405','2028-05-01',1),('10116561','2027-10-01',1),('14072027','2027-07-01',1),('25032027','2027-03-01',1),('21001355','2028-10-01',1),('410016','2027-10-01',1),('AB202624','2029-06-01',1),('OZ206054','2029-06-01',1),('AB206034','2029-06-01',1),('206194','2027-06-01',1),('203165','2028-03-01',1),('203185','2028-03-01',1),('201035','2028-01-01',1),('205084','2027-05-01',1),('203175','2030-03-01',1),('2110115','2027-11-01',1),('210034','2027-10-30',1),('2093835','2030-09-01',1),('2071535','2027-07-01',1),('2113155','2027-11-01',1),('2501','2028-01-30',1),('1571161','2028-08-01',1),('2023925','2028-02-01',1),('52104354M0','2027-04-06',1),('51804354M1','2027-12-19',1),('51294354M1','2027-04-06',1),('20301605','2028-03-01',1),('20800025','2028-08-01',1),('XB30VHV','2028-11-01',1),('ME24L032','2026-10-01',1),('S/LOTE','2099-12-31',1),('ND','2030-03-01',1),('2099065','2027-09-01',1);

-- Sintoma (requerido por FK productos.idsintoma)
INSERT IGNORE INTO `sintoma` (`idsintoma`, `sintoma`, `idsucu_c`) VALUES (1, 'General', 1);

-- ========== BLOQUE SOLO PRODUCTOS (ejecutar si falló antes, cliente/lote/sintoma ya insertados) ==========
-- En caso de error: ROLLBACK automático, no queda insert parcial. Corregir FKs y ejecutar de nuevo.

-- Productos (usan subconsulta para idlote e idcliente)
ROLLBACK;
START TRANSACTION;
INSERT INTO `productos` (`codigo`,`idlote`,`descripcion`,`tipo`,`stock`,`stockminimo`,`precio_compra`,`precio_venta`,`descuento`,`ventasujeta`,`fecha_registro`,`reg_sanitario`,`idcategoria`,`idpresentacion`,`idcliente`,`idsintoma`,`idunidad`,`idtipoaf`,`estado`,`tipo_precio`) VALUES
('DGN00125',COALESCE((SELECT idlote FROM lote WHERE numero='DGN00125' AND fecha_vencimiento='2027-06-01' LIMIT 1), 3),'DIGERMID 5ml SUSP ORAL','Generico',20,1,21.00,3.50,NULL,'sin receta medica',CURDATE(),'',1,1,(SELECT idcliente FROM cliente WHERE nombres='BONAPHARM' AND tipo='laboratorio' LIMIT 1),1,1,1,'1','01'),
('2502080101',COALESCE((SELECT idlote FROM lote WHERE numero='2502080101' LIMIT 1), 3),'TEST 7 TIRA (ROSADO)','Generico',6,1,6.00,5.00,NULL,'sin receta medica',CURDATE(),'',1,1,(SELECT idcliente FROM cliente WHERE nombres='DISTRIBUIDORA DROGUERÍA LAS AMÉRICAS' AND tipo='laboratorio' LIMIT 1),1,1,1,'1','01'),
('L0067A',COALESCE((SELECT idlote FROM lote WHERE numero='L0067A' LIMIT 1), 3),'PANADOL JARABE 160mg/5ml X 60ml','Generico',3,1,49.50,18.50,NULL,'sin receta medica',CURDATE(),'',1,1,(SELECT idcliente FROM cliente WHERE nombres='HALEON' AND tipo='laboratorio' LIMIT 1),1,1,1,'1','01'),
('202585',COALESCE((SELECT idlote FROM lote WHERE numero='202585' LIMIT 1), 3),'FLORIL COLIRIO NF X 8ml','Generico',3,1,23.10,11.00,NULL,'sin receta medica',CURDATE(),'',1,1,(SELECT idcliente FROM cliente WHERE nombres='LANSIER' AND tipo='laboratorio' LIMIT 1),1,1,1,'1','01'),
('2094395',COALESCE((SELECT idlote FROM lote WHERE numero='2094395' LIMIT 1), 3),'ELECTRORAL ADVANCE X 1000ml','Generico',3,1,38.10,15.00,NULL,'sin receta medica',CURDATE(),'',1,1,(SELECT idcliente FROM cliente WHERE nombres='MEDIFARMA' AND tipo='laboratorio' LIMIT 1),1,1,1,'1','01'),
('J24026',COALESCE((SELECT idlote FROM lote WHERE numero='J24026' LIMIT 1), 3),'3-GEL SUSP ORAL 10ml','Generico',20,1,24.60,3.00,NULL,'sin receta medica',CURDATE(),'',1,1,(SELECT idcliente FROM cliente WHERE nombres='DROPESAC' AND tipo='laboratorio' LIMIT 1),1,1,1,'1','01'),
('QZ20250816A7',COALESCE((SELECT idlote FROM lote WHERE numero='QZ20250816A7' LIMIT 1), 3),'NINET PAÑAL NARANJA XL 52 UNI','Generico',104,1,84.00,1.20,NULL,'sin receta medica',CURDATE(),'',1,1,(SELECT idcliente FROM cliente WHERE nombres='NINET' AND tipo='laboratorio' LIMIT 1),1,1,1,'1','01'),
('2034145',COALESCE((SELECT idlote FROM lote WHERE numero='2034145' LIMIT 1), 3),'ELECTROLIGHT FRESA X 800ml','Generico',12,1,37.20,4.50,NULL,'sin receta medica',CURDATE(),'',1,1,(SELECT idcliente FROM cliente WHERE nombres='MEDIFARMA' AND tipo='laboratorio' LIMIT 1),1,1,1,'1','01'),
('2070975',COALESCE((SELECT idlote FROM lote WHERE numero='2070975' LIMIT 1), 3),'ACICLOVIR 800 mg','Generico',10,1,7.00,2.00,NULL,'sin receta medica',CURDATE(),'',1,1,(SELECT idcliente FROM cliente WHERE nombres='AC FARMA' AND tipo='laboratorio' LIMIT 1),1,1,1,'1','01'),
('2111095',COALESCE((SELECT idlote FROM lote WHERE numero='2111095' LIMIT 1), 3),'LOSARTAN 50mg','Generico',60,1,4.80,0.50,NULL,'sin receta medica',CURDATE(),'',1,1,(SELECT idcliente FROM cliente WHERE nombres='AC FARMA' AND tipo='laboratorio' LIMIT 1),1,1,1,'1','01'),
('2100065',COALESCE((SELECT idlote FROM lote WHERE numero='2100065' LIMIT 1), 3),'VITACOSE PLUS INY IM/EV','Generico',2,1,26.80,40.00,NULL,'Con receta medica',CURDATE(),'',1,1,(SELECT idcliente FROM cliente WHERE nombres='QILAB' AND tipo='laboratorio' LIMIT 1),1,1,1,'1','01'),
('21263464',COALESCE((SELECT idlote FROM lote WHERE numero='21263464' LIMIT 1), 3),'OFENADRINA CITRATO 100mg','Generico',100,1,22.00,0.70,NULL,'sin receta medica',CURDATE(),'',1,1,(SELECT idcliente FROM cliente WHERE nombres='FARMINDUSTRIA' AND tipo='laboratorio' LIMIT 1),1,1,1,'1','01'),
('209861485',COALESCE((SELECT idlote FROM lote WHERE numero='209861485' LIMIT 1), 3),'OMEPRAZOL 20mg','Generico',100,1,10.40,0.40,NULL,'sin receta medica',CURDATE(),'',1,1,(SELECT idcliente FROM cliente WHERE nombres='FARMINDUSTRIA' AND tipo='laboratorio' LIMIT 1),1,1,1,'1','01'),
('20963035',COALESCE((SELECT idlote FROM lote WHERE numero='20963035' LIMIT 1), 3),'PREDNISONA 20 mg','Generico',100,1,14.50,0.50,NULL,'Con receta medica',CURDATE(),'',1,1,(SELECT idcliente FROM cliente WHERE nombres='FARMINDUSTRIA' AND tipo='laboratorio' LIMIT 1),1,1,1,'1','01'),
('20301535',COALESCE((SELECT idlote FROM lote WHERE numero='20301535' LIMIT 1), 3),'AZITROMICINA 500mg','Generico',15,1,15.00,2.50,NULL,'Con receta medica',CURDATE(),'',1,1,(SELECT idcliente FROM cliente WHERE nombres='FARMINDUSTRIA' AND tipo='laboratorio' LIMIT 1),1,1,1,'1','01'),
('20524435',COALESCE((SELECT idlote FROM lote WHERE numero='20524435' LIMIT 1), 3),'FLUCONAZOL 150mg','Generico',4,1,4.00,3.00,NULL,'Con receta medica',CURDATE(),'',1,1,(SELECT idcliente FROM cliente WHERE nombres='FARMINDUSTRIA' AND tipo='laboratorio' LIMIT 1),1,1,1,'1','01'),
('20733365',COALESCE((SELECT idlote FROM lote WHERE numero='20733365' LIMIT 1), 3),'DEXAMETASONA 4mg','Generico',100,1,11.80,0.50,NULL,'Con receta medica',CURDATE(),'',1,1,(SELECT idcliente FROM cliente WHERE nombres='FARMINDUSTRIA' AND tipo='laboratorio' LIMIT 1),1,1,1,'1','01'),
('20173065',COALESCE((SELECT idlote FROM lote WHERE numero='20173065' LIMIT 1), 3),'CETIRIZINA 10mg','Generico',100,1,5.50,0.50,NULL,'sin receta medica',CURDATE(),'',1,1,(SELECT idcliente FROM cliente WHERE nombres='FARMINDUSTRIA' AND tipo='laboratorio' LIMIT 1),1,1,1,'1','01'),
('F01212A',COALESCE((SELECT idlote FROM lote WHERE numero='F01212A' LIMIT 1), 3),'METRONIDAZOL 500mg','Generico',100,1,16.00,0.80,NULL,'Con receta medica',CURDATE(),'',1,1,(SELECT idcliente FROM cliente WHERE nombres='GENFAR' AND tipo='laboratorio' LIMIT 1),1,1,1,'1','01'),
('985955',COALESCE((SELECT idlote FROM lote WHERE numero='985955' LIMIT 1), 3),'IBUPROFENO KIDS 100mg/5ml X 120ml','Generico',6,1,28.80,7.50,NULL,'sin receta medica',CURDATE(),'',1,1,(SELECT idcliente FROM cliente WHERE nombres='GENFAR' AND tipo='laboratorio' LIMIT 1),1,1,1,'1','01'),
('F01504A',COALESCE((SELECT idlote FROM lote WHERE numero='F01504A' LIMIT 1), 3),'DICLOFENACO 100mg','Generico',20,1,10.80,1.00,NULL,'sin receta medica',CURDATE(),'',1,1,(SELECT idcliente FROM cliente WHERE nombres='GENFAR' AND tipo='laboratorio' LIMIT 1),1,1,1,'1','01'),
('F01773A',COALESCE((SELECT idlote FROM lote WHERE numero='F01773A' LIMIT 1), 3),'IBUPROFENO 400mg','Generico',100,1,11.00,0.30,NULL,'sin receta medica',CURDATE(),'',1,1,(SELECT idcliente FROM cliente WHERE nombres='GENFAR' AND tipo='laboratorio' LIMIT 1),1,1,1,'1','01'),
('E01734A',COALESCE((SELECT idlote FROM lote WHERE numero='E01734A' LIMIT 1), 3),'PARACETAMOL 500mg','Generico',100,1,7.40,0.30,NULL,'sin receta medica',CURDATE(),'',1,1,(SELECT idcliente FROM cliente WHERE nombres='GENFAR' AND tipo='laboratorio' LIMIT 1),1,1,1,'1','01'),
('2410109',COALESCE((SELECT idlote FROM lote WHERE numero='2410109' LIMIT 1), 3),'DOLOIR 75mg/3ml IM (DICLOFENACO SODICO)','Generico',10,1,4.00,10.00,NULL,'Con receta medica',CURDATE(),'',1,1,(SELECT idcliente FROM cliente WHERE nombres='INTIPHARMA' AND tipo='laboratorio' LIMIT 1),1,1,1,'1','01'),
('250318',COALESCE((SELECT idlote FROM lote WHERE numero='250318' LIMIT 1), 3),'DEXA-4 4mg/1ml IM/IV (DEXAMETASONA)','Generico',10,1,4.20,8.00,NULL,'Con receta medica',CURDATE(),'',1,1,(SELECT idcliente FROM cliente WHERE nombres='INTIPHARMA' AND tipo='laboratorio' LIMIT 1),1,1,1,'1','01'),
('20301195',COALESCE((SELECT idlote FROM lote WHERE numero='20301195' LIMIT 1), 3),'CLINDAMICINA 300mg','Generico',100,1,38.00,1.00,NULL,'Con receta medica',CURDATE(),'',1,1,(SELECT idcliente FROM cliente WHERE nombres='IQFARMA' AND tipo='laboratorio' LIMIT 1),1,1,1,'1','01'),
('20801523',COALESCE((SELECT idlote FROM lote WHERE numero='20801523' LIMIT 1), 3),'ALBENDAZOL 100mg/5ml SUSP X 20ml','Generico',4,1,7.40,5.00,NULL,'Con receta medica',CURDATE(),'',1,1,(SELECT idcliente FROM cliente WHERE nombres='IQFARMA' AND tipo='laboratorio' LIMIT 1),1,1,1,'1','01'),
('20100275',COALESCE((SELECT idlote FROM lote WHERE numero='20100275' LIMIT 1), 3),'DICLOXACILINA 500mg','Generico',50,1,19.25,0.80,NULL,'Con receta medica',CURDATE(),'',1,1,(SELECT idcliente FROM cliente WHERE nombres='IQFARMA' AND tipo='laboratorio' LIMIT 1),1,1,1,'1','01'),
('2050325',COALESCE((SELECT idlote FROM lote WHERE numero='2050325' LIMIT 1), 3),'ATORBASTATINA 20mg','Generico',100,1,14.50,0.80,NULL,'Con receta medica',CURDATE(),'',1,1,(SELECT idcliente FROM cliente WHERE nombres='LABOGEN' AND tipo='laboratorio' LIMIT 1),1,1,1,'1','01'),
('2060315',COALESCE((SELECT idlote FROM lote WHERE numero='2060315' LIMIT 1), 3),'TERBINAFINA 250mg','Generico',30,1,10.50,1.00,NULL,'Con receta medica',CURDATE(),'',1,1,(SELECT idcliente FROM cliente WHERE nombres='LABOGEN' AND tipo='laboratorio' LIMIT 1),1,1,1,'1','01'),
('2070175',COALESCE((SELECT idlote FROM lote WHERE numero='2070175' LIMIT 1), 3),'DOBESILATO CALCIO 500mg','Generico',30,1,10.50,2.00,NULL,'sin receta medica',CURDATE(),'',1,1,(SELECT idcliente FROM cliente WHERE nombres='LABOGEN' AND tipo='laboratorio' LIMIT 1),1,1,1,'1','01'),
('2070475',COALESCE((SELECT idlote FROM lote WHERE numero='2070475' LIMIT 1), 3),'CIPROFLOXACINO 500mg','Generico',100,1,22.00,0.50,NULL,'Con receta medica',CURDATE(),'',1,1,(SELECT idcliente FROM cliente WHERE nombres='LABOGEN' AND tipo='laboratorio' LIMIT 1),1,1,1,'1','01'),
('253052006',COALESCE((SELECT idlote FROM lote WHERE numero='253052006' LIMIT 1), 3),'RYLAMAX 1G IM X AMP+DISOLV (CEFTRIAXONA)','Generico',4,1,20.00,25.00,NULL,'Con receta medica',CURDATE(),'',1,1,(SELECT idcliente FROM cliente WHERE nombres='OQ PHARMACEUTIC' AND tipo='laboratorio' LIMIT 1),1,1,1,'1','01'),
('2123205',COALESCE((SELECT idlote FROM lote WHERE numero='2123205' LIMIT 1), 3),'LORATADINA 5mg/5ml JBE X60ml','Generico',2,1,4.40,6.00,NULL,'sin receta medica',CURDATE(),'',1,1,(SELECT idcliente FROM cliente WHERE nombres='FARVET' AND tipo='laboratorio' LIMIT 1),1,1,1,'1','01'),
('2508318',COALESCE((SELECT idlote FROM lote WHERE numero='2508318' LIMIT 1), 3),'AMOXICILINA 500mg','Generico',100,1,17.50,0.50,NULL,'Con receta medica',CURDATE(),'',1,1,(SELECT idcliente FROM cliente WHERE nombres='OQCORP' AND tipo='laboratorio' LIMIT 1),1,1,1,'1','01'),
('2067365',COALESCE((SELECT idlote FROM lote WHERE numero='2067365' LIMIT 1), 3),'METOCLOPRAMIDA 10mg','Generico',30,1,1.80,0.50,NULL,'sin receta medica',CURDATE(),'',1,1,(SELECT idcliente FROM cliente WHERE nombres='PORTUGAL' AND tipo='laboratorio' LIMIT 1),1,1,1,'1','01'),
('2070115',COALESCE((SELECT idlote FROM lote WHERE numero='2070115' LIMIT 1), 3),'CLORFENAMINA MALEATO 10mg/ml','Generico',6,1,3.40,5.00,NULL,'sin receta medica',CURDATE(),'',1,1,(SELECT idcliente FROM cliente WHERE nombres='PORTUGAL' AND tipo='laboratorio' LIMIT 1),1,1,1,'1','01'),
('2092435',COALESCE((SELECT idlote FROM lote WHERE numero='2092435' LIMIT 1), 3),'PREDNISONA 50 mg','Generico',30,1,9.00,0.80,NULL,'Con receta medica',CURDATE(),'',1,1,(SELECT idcliente FROM cliente WHERE nombres='PORTUGAL' AND tipo='laboratorio' LIMIT 1),1,1,1,'1','01'),
('2058945',COALESCE((SELECT idlote FROM lote WHERE numero='2058945' LIMIT 1), 3),'NAPROXENO SODICO 550mg','Generico',100,1,19.85,0.60,NULL,'sin receta medica',CURDATE(),'',1,1,(SELECT idcliente FROM cliente WHERE nombres='PORTUGAL' AND tipo='laboratorio' LIMIT 1),1,1,1,'1','01'),
('2100255',COALESCE((SELECT idlote FROM lote WHERE numero='2100255' LIMIT 1), 3),'GEMFIBROZILO 600mg','Generico',50,1,12.50,0.50,NULL,'Con receta medica',CURDATE(),'',1,1,(SELECT idcliente FROM cliente WHERE nombres='PORTUGAL' AND tipo='laboratorio' LIMIT 1),1,1,1,'1','01'),
('2085015',COALESCE((SELECT idlote FROM lote WHERE numero='2085015' LIMIT 1), 3),'KETOROLACO 10mg','Generico',100,1,5.50,0.50,NULL,'sin receta medica',CURDATE(),'',1,1,(SELECT idcliente FROM cliente WHERE nombres='PORTUGAL' AND tipo='laboratorio' LIMIT 1),1,1,1,'1','01'),
('2072795',COALESCE((SELECT idlote FROM lote WHERE numero='2072795' LIMIT 1), 3),'MELOXICAM 15mg','Generico',100,1,5.80,0.50,NULL,'sin receta medica',CURDATE(),'',1,1,(SELECT idcliente FROM cliente WHERE nombres='PORTUGAL' AND tipo='laboratorio' LIMIT 1),1,1,1,'1','01'),
('2012235',COALESCE((SELECT idlote FROM lote WHERE numero='2012235' LIMIT 1), 3),'PARACETAMOL 100mg/1ml gotas X 10ml','Generico',3,1,5.10,3.50,NULL,'sin receta medica',CURDATE(),'',1,1,(SELECT idcliente FROM cliente WHERE nombres='PORTUGAL' AND tipo='laboratorio' LIMIT 1),1,1,1,'1','01'),
('2060505',COALESCE((SELECT idlote FROM lote WHERE numero='2060505' LIMIT 1), 3),'AMOX + AC CLAV 250mg + 62.5/5ml X 60ml','Generico',2,1,15.60,15.00,NULL,'Con receta medica',CURDATE(),'',1,1,(SELECT idcliente FROM cliente WHERE nombres='PORTUGAL' AND tipo='laboratorio' LIMIT 1),1,1,1,'1','01'),
('2087495',COALESCE((SELECT idlote FROM lote WHERE numero='2087495' LIMIT 1), 3),'AMOXICILINA 250mg/5ml X 60ml','Generico',4,1,12.60,6.50,NULL,'Con receta medica',CURDATE(),'',1,1,(SELECT idcliente FROM cliente WHERE nombres='PORTUGAL' AND tipo='laboratorio' LIMIT 1),1,1,1,'1','01'),
('2097795',COALESCE((SELECT idlote FROM lote WHERE numero='2097795' LIMIT 1), 3),'PARACETAMOL 120mg/5ml X 120ml','Generico',4,1,11.80,6.00,NULL,'sin receta medica',CURDATE(),'',1,1,(SELECT idcliente FROM cliente WHERE nombres='PORTUGAL' AND tipo='laboratorio' LIMIT 1),1,1,1,'1','01'),
('2103315',COALESCE((SELECT idlote FROM lote WHERE numero='2103315' LIMIT 1), 3),'AZITROMICINA 200mg/5ml X 30ml','Generico',2,1,12.00,13.00,NULL,'Con receta medica',CURDATE(),'',1,1,(SELECT idcliente FROM cliente WHERE nombres='PORTUGAL' AND tipo='laboratorio' LIMIT 1),1,1,1,'1','01'),
('2085685',COALESCE((SELECT idlote FROM lote WHERE numero='2085685' LIMIT 1), 3),'AZITROMICINA 200mg/5ml X 15ml','Generico',2,1,10.00,10.00,NULL,'Con receta medica',CURDATE(),'',1,1,(SELECT idcliente FROM cliente WHERE nombres='PORTUGAL' AND tipo='laboratorio' LIMIT 1),1,1,1,'1','01'),
('2082525',COALESCE((SELECT idlote FROM lote WHERE numero='2082525' LIMIT 1), 3),'AMPICILINA 500mg','Generico',100,1,22.00,0.50,NULL,'Con receta medica',CURDATE(),'',1,1,(SELECT idcliente FROM cliente WHERE nombres='PORTUGAL' AND tipo='laboratorio' LIMIT 1),1,1,1,'1','01'),
('2114025',COALESCE((SELECT idlote FROM lote WHERE numero='2114025' LIMIT 1), 3),'CLORANFENICOL 500mg','Generico',50,1,22.00,0.70,NULL,'Con receta medica',CURDATE(),'',1,1,(SELECT idcliente FROM cliente WHERE nombres='PORTUGAL' AND tipo='laboratorio' LIMIT 1),1,1,1,'1','01'),
('2092875',COALESCE((SELECT idlote FROM lote WHERE numero='2092875' LIMIT 1), 3),'CELECOXIB 200mg','Generico',100,1,16.00,1.00,NULL,'sin receta medica',CURDATE(),'',1,1,(SELECT idcliente FROM cliente WHERE nombres='PORTUGAL' AND tipo='laboratorio' LIMIT 1),1,1,1,'1','01'),
('2063815',COALESCE((SELECT idlote FROM lote WHERE numero='2063815' LIMIT 1), 3),'DIMENHIDRINATO 50mg','Generico',100,1,6.00,0.50,NULL,'sin receta medica',CURDATE(),'',1,1,(SELECT idcliente FROM cliente WHERE nombres='PORTUGAL' AND tipo='laboratorio' LIMIT 1),1,1,1,'1','01'),
('2128824',COALESCE((SELECT idlote FROM lote WHERE numero='2128824' LIMIT 1), 3),'DOXICICLINA 100mg','Generico',100,1,17.00,0.40,NULL,'Con receta medica',CURDATE(),'',1,1,(SELECT idcliente FROM cliente WHERE nombres='PORTUGAL' AND tipo='laboratorio' LIMIT 1),1,1,1,'1','01'),
('2087055',COALESCE((SELECT idlote FROM lote WHERE numero='2087055' LIMIT 1), 3),'ENALAPRIL 20mg','Generico',100,1,8.10,0.20,NULL,'Con receta medica',CURDATE(),'',1,1,(SELECT idcliente FROM cliente WHERE nombres='PORTUGAL' AND tipo='laboratorio' LIMIT 1),1,1,1,'1','01'),
('2083195',COALESCE((SELECT idlote FROM lote WHERE numero='2083195' LIMIT 1), 3),'ERITROMICINA ESTEARATO 500mg','Generico',20,1,9.80,1.00,NULL,'Con receta medica',CURDATE(),'',1,1,(SELECT idcliente FROM cliente WHERE nombres='PORTUGAL' AND tipo='laboratorio' LIMIT 1),1,1,1,'1','01'),
('2040205',COALESCE((SELECT idlote FROM lote WHERE numero='2040205' LIMIT 1), 3),'LOPERAMIDA X 2mg','Generico',100,1,8.50,0.50,NULL,'sin receta medica',CURDATE(),'',1,1,(SELECT idcliente FROM cliente WHERE nombres='PORTUGAL' AND tipo='laboratorio' LIMIT 1),1,1,1,'1','01'),
('2030065',COALESCE((SELECT idlote FROM lote WHERE numero='2030065' LIMIT 1), 3),'METRONIDAZOL 500mg X OVULOS','Generico',10,1,5.40,4.50,NULL,'Con receta medica',CURDATE(),'',1,1,(SELECT idcliente FROM cliente WHERE nombres='PORTUGAL' AND tipo='laboratorio' LIMIT 1),1,1,1,'1','01'),
('2026985',COALESCE((SELECT idlote FROM lote WHERE numero='2026985' LIMIT 1), 3),'TETRACICLINA 500mg','Generico',20,1,5.60,0.50,NULL,'Con receta medica',CURDATE(),'',1,1,(SELECT idcliente FROM cliente WHERE nombres='PORTUGAL' AND tipo='laboratorio' LIMIT 1),1,1,1,'1','01'),
('2091275',COALESCE((SELECT idlote FROM lote WHERE numero='2091275' LIMIT 1), 3),'CETIRIZINA 5mg/5ml X 60ml','Generico',2,1,4.80,6.50,NULL,'sin receta medica',CURDATE(),'',1,1,(SELECT idcliente FROM cliente WHERE nombres='PORTUGAL' AND tipo='laboratorio' LIMIT 1),1,1,1,'1','01'),
('2092845',COALESCE((SELECT idlote FROM lote WHERE numero='2092845' LIMIT 1), 3),'CAPTOPRIL 25mg','Generico',100,1,4.00,0.30,NULL,'Con receta medica',CURDATE(),'',1,1,(SELECT idcliente FROM cliente WHERE nombres='PORTUGAL' AND tipo='laboratorio' LIMIT 1),1,1,1,'1','01'),
('2105775',COALESCE((SELECT idlote FROM lote WHERE numero='2105775' LIMIT 1), 3),'AMOX + AC CLAV 500mg + 125mg','Generico',10,1,8.00,2.00,NULL,'Con receta medica',CURDATE(),'',1,1,(SELECT idcliente FROM cliente WHERE nombres='PORTUGAL' AND tipo='laboratorio' LIMIT 1),1,1,1,'1','01'),
('A250761',COALESCE((SELECT idlote FROM lote WHERE numero='A250761' LIMIT 1), 3),'METAMIZOL SODICO 1gr/2ml IM/IV','Generico',10,1,10.60,8.00,NULL,'Con receta medica',CURDATE(),'',1,1,(SELECT idcliente FROM cliente WHERE nombres='VITALIS' AND tipo='laboratorio' LIMIT 1),1,1,1,'1','01'),
('M49250308',COALESCE((SELECT idlote FROM lote WHERE numero='M49250308' LIMIT 1), 3),'PIEL PRESERVATIVO SENSITIVO','Generico',10,1,17.90,4.50,NULL,'sin receta medica',CURDATE(),'',1,1,(SELECT idcliente FROM cliente WHERE nombres='APROPO' AND tipo='laboratorio' LIMIT 1),1,1,1,'1','01'),
('M25250205',COALESCE((SELECT idlote FROM lote WHERE numero='M25250205' LIMIT 1), 3),'PIEL PRESERVATIVO FRESA','Generico',10,1,17.90,4.50,NULL,'sin receta medica',CURDATE(),'',1,1,(SELECT idcliente FROM cliente WHERE nombres='APROPO' AND tipo='laboratorio' LIMIT 1),1,1,1,'1','01'),
('M31250102',COALESCE((SELECT idlote FROM lote WHERE numero='M31250102' LIMIT 1), 3),'PIEL PRESERVATIVO CHOCOLATE','Generico',10,1,17.90,4.50,NULL,'sin receta medica',CURDATE(),'',1,1,(SELECT idcliente FROM cliente WHERE nombres='APROPO' AND tipo='laboratorio' LIMIT 1),1,1,1,'1','01'),
('M23250402',COALESCE((SELECT idlote FROM lote WHERE numero='M23250402' LIMIT 1), 3),'PIEL PRESERVATIVO RETARDANTE','Generico',10,1,27.50,5.50,NULL,'sin receta medica',CURDATE(),'',1,1,(SELECT idcliente FROM cliente WHERE nombres='APROPO' AND tipo='laboratorio' LIMIT 1),1,1,1,'1','01'),
('M24250304',COALESCE((SELECT idlote FROM lote WHERE numero='M24250304' LIMIT 1), 3),'PIEL PRESERVATIVO CLASICO','Generico',24,1,42.96,4.50,NULL,'sin receta medica',CURDATE(),'',1,1,(SELECT idcliente FROM cliente WHERE nombres='APROPO' AND tipo='laboratorio' LIMIT 1),1,1,1,'1','01'),
('M43240903',COALESCE((SELECT idlote FROM lote WHERE numero='M43240903' LIMIT 1), 3),'PIEL PRESERVATIVO AROS','Generico',10,1,17.90,4.50,NULL,'sin receta medica',CURDATE(),'',1,1,(SELECT idcliente FROM cliente WHERE nombres='APROPO' AND tipo='laboratorio' LIMIT 1),1,1,1,'1','01'),
('M42250111',COALESCE((SELECT idlote FROM lote WHERE numero='M42250111' LIMIT 1), 3),'PIEL PRESERVATIVO ESPUELAS','Generico',10,1,17.90,4.50,NULL,'sin receta medica',CURDATE(),'',1,1,(SELECT idcliente FROM cliente WHERE nombres='APROPO' AND tipo='laboratorio' LIMIT 1),1,1,1,'1','01'),
('251015',COALESCE((SELECT idlote FROM lote WHERE numero='251015' LIMIT 1), 3),'JERINGA 3 ml 21g X 1 1/2','Generico',100,1,13.50,0.40,NULL,'sin receta medica',CURDATE(),'',1,1,(SELECT idcliente FROM cliente WHERE nombres='DISTRIBUIDORA DROGUERÍA LAS AMÉRICAS' AND tipo='laboratorio' LIMIT 1),1,1,1,'1','01'),
('250826',COALESCE((SELECT idlote FROM lote WHERE numero='250826' LIMIT 1), 3),'JERINGA 10 ml 21g X 1 1/3','Generico',100,1,18.40,0.80,NULL,'sin receta medica',CURDATE(),'',1,1,(SELECT idcliente FROM cliente WHERE nombres='DISTRIBUIDORA DROGUERÍA LAS AMÉRICAS' AND tipo='laboratorio' LIMIT 1),1,1,1,'1','01'),
('T250918',COALESCE((SELECT idlote FROM lote WHERE numero='T250918' LIMIT 1), 3),'TERMOMETRO DGITAL RIGIDO T12L','Generico',2,1,10.00,15.00,NULL,'sin receta medica',CURDATE(),'',1,1,(SELECT idcliente FROM cliente WHERE nombres='DISTRIBUIDORA DROGUERÍA LAS AMÉRICAS' AND tipo='laboratorio' LIMIT 1),1,1,1,'1','01'),
('250829',COALESCE((SELECT idlote FROM lote WHERE numero='250829' LIMIT 1), 3),'GASA ALGODÓN ESTERIL 10cm X 10cm','Generico',20,1,15.60,1.50,NULL,'sin receta medica',CURDATE(),'',1,1,(SELECT idcliente FROM cliente WHERE nombres='DISTRIBUIDORA DROGUERÍA LAS AMÉRICAS' AND tipo='laboratorio' LIMIT 1),1,1,1,'1','01'),
('250206',COALESCE((SELECT idlote FROM lote WHERE numero='250206' LIMIT 1), 3),'GASA ALGODÓN ESTERIL 5cm X 5cm','Generico',20,1,7.00,1.00,NULL,'sin receta medica',CURDATE(),'',1,1,(SELECT idcliente FROM cliente WHERE nombres='DISTRIBUIDORA DROGUERÍA LAS AMÉRICAS' AND tipo='laboratorio' LIMIT 1),1,1,1,'1','01'),
('211224',COALESCE((SELECT idlote FROM lote WHERE numero='211224' LIMIT 1), 3),'SUPOSITORIO GLICERINA NIÑOS','Generico',20,1,5.40,1.00,NULL,'sin receta medica',CURDATE(),'',1,1,(SELECT idcliente FROM cliente WHERE nombres='GENCOPHARMACEUTICAL' AND tipo='laboratorio' LIMIT 1),1,1,1,'1','01'),
('51892',COALESCE((SELECT idlote FROM lote WHERE numero='51892' LIMIT 1), 3),'HENO DE PRAVIA 150 gr','Generico',3,1,14.43,6.00,NULL,'sin receta medica',CURDATE(),'',1,1,(SELECT idcliente FROM cliente WHERE nombres='PUIG' AND tipo='laboratorio' LIMIT 1),1,1,1,'1','01'),
('20240716',COALESCE((SELECT idlote FROM lote WHERE numero='20240716' LIMIT 1), 3),'EQUIPO DE VENOCLISIS','Generico',10,1,7.50,3.50,NULL,'sin receta medica',CURDATE(),'',1,1,(SELECT idcliente FROM cliente WHERE nombres='IQ MEDIC' AND tipo='laboratorio' LIMIT 1),1,1,1,'1','01'),
('250305',COALESCE((SELECT idlote FROM lote WHERE numero='250305' LIMIT 1), 3),'CATETER 22 X 1""','Generico',4,1,3.95,3.50,NULL,'sin receta medica',CURDATE(),'',1,1,(SELECT idcliente FROM cliente WHERE nombres='IQ MEDIC' AND tipo='laboratorio' LIMIT 1),1,1,1,'1','01'),
('20250516',COALESCE((SELECT idlote FROM lote WHERE numero='20250516' LIMIT 1), 3),'AGUJA 21','Generico',100,1,4.96,0.20,NULL,'sin receta medica',CURDATE(),'',1,1,(SELECT idcliente FROM cliente WHERE nombres='IQ MEDIC' AND tipo='laboratorio' LIMIT 1),1,1,1,'1','01'),
('0928',COALESCE((SELECT idlote FROM lote WHERE numero='0928' LIMIT 1), 3),'GUANTES LATEX M','Generico',100,1,12.00,0.50,NULL,'sin receta medica',CURDATE(),'',1,1,(SELECT idcliente FROM cliente WHERE nombres='IQ MEDIC' AND tipo='laboratorio' LIMIT 1),1,1,1,'1','01'),
('250310',COALESCE((SELECT idlote FROM lote WHERE numero='250310' LIMIT 1), 3),'CATETER 24 X 3/4""','Generico',8,1,7.90,3.50,NULL,'sin receta medica',CURDATE(),'',1,1,(SELECT idcliente FROM cliente WHERE nombres='IQ MEDIC' AND tipo='laboratorio' LIMIT 1),1,1,1,'1','01'),
('5256CO1013',COALESCE((SELECT idlote FROM lote WHERE numero='5256CO1013' LIMIT 1), 3),'PROTEX JABON PROTEC MACADAMIA 110gr','Generico',2,1,6.60,4.50,NULL,'sin receta medica',CURDATE(),'',1,1,(SELECT idcliente FROM cliente WHERE nombres='COLGATE' AND tipo='laboratorio' LIMIT 1),1,1,1,'1','01'),
('5314CO1013',COALESCE((SELECT idlote FROM lote WHERE numero='5314CO1013' LIMIT 1), 3),'PROTEX JABON FRESH  110gr','Generico',2,1,6.60,4.50,NULL,'sin receta medica',CURDATE(),'',1,1,(SELECT idcliente FROM cliente WHERE nombres='COLGATE' AND tipo='laboratorio' LIMIT 1),1,1,1,'1','01'),
('5267CO1013',COALESCE((SELECT idlote FROM lote WHERE numero='5267CO1013' LIMIT 1), 3),'PROTEX JABON LIMPIEZA PROFUNDA 110gr','Generico',2,1,6.60,4.50,NULL,'sin receta medica',CURDATE(),'',1,1,(SELECT idcliente FROM cliente WHERE nombres='COLGATE' AND tipo='laboratorio' LIMIT 1),1,1,1,'1','01'),
('5220CO1012',COALESCE((SELECT idlote FROM lote WHERE numero='5220CO1012' LIMIT 1), 3),'PROTEX JABON LIMPIEZA PROFUNDA 75gr','Generico',2,1,5.60,3.50,NULL,'sin receta medica',CURDATE(),'',1,1,(SELECT idcliente FROM cliente WHERE nombres='COLGATE' AND tipo='laboratorio' LIMIT 1),1,1,1,'1','01'),
('5191CO1011',COALESCE((SELECT idlote FROM lote WHERE numero='5191CO1011' LIMIT 1), 3),'PROTEX JABON AVENA 75gr','Generico',2,1,5.60,3.50,NULL,'sin receta medica',CURDATE(),'',1,1,(SELECT idcliente FROM cliente WHERE nombres='COLGATE' AND tipo='laboratorio' LIMIT 1),1,1,1,'1','01'),
('208275',COALESCE((SELECT idlote FROM lote WHERE numero='208275' LIMIT 1), 3),'LIMONADA PURGANTE X 200ml MARKOS','Generico',3,1,24.00,10.00,NULL,'sin receta medica',CURDATE(),'',1,1,(SELECT idcliente FROM cliente WHERE nombres='MARKOS' AND tipo='laboratorio' LIMIT 1),1,1,1,'1','01'),
('01B025',COALESCE((SELECT idlote FROM lote WHERE numero='01B025' LIMIT 1), 3),'HIERRONIM HS 100mg/5ml IV','Generico',5,1,35.00,86.50,NULL,'Con receta medica',CURDATE(),'',1,1,(SELECT idcliente FROM cliente WHERE nombres='OQ PHARMACEUTIC' AND tipo='laboratorio' LIMIT 1),1,1,1,'1','01'),
('5162C245B1',COALESCE((SELECT idlote FROM lote WHERE numero='5162C245B1' LIMIT 1), 3),'OLD SPICE BARRA CHAMPION X 50 gr','Generico',1,1,12.20,15.50,NULL,'sin receta medica',CURDATE(),'',1,1,(SELECT idcliente FROM cliente WHERE nombres='PROCTER&GAMBLE' AND tipo='laboratorio' LIMIT 1),1,1,1,'1','01'),
('5049C245B1',COALESCE((SELECT idlote FROM lote WHERE numero='5049C245B1' LIMIT 1), 3),'OLD SPICE BARRA FRESH X 50 gr','Generico',1,1,12.20,15.50,NULL,'sin receta medica',CURDATE(),'',1,1,(SELECT idcliente FROM cliente WHERE nombres='PROCTER&GAMBLE' AND tipo='laboratorio' LIMIT 1),1,1,1,'1','01'),
('5139C245B1',COALESCE((SELECT idlote FROM lote WHERE numero='5139C245B1' LIMIT 1), 3),'OLD SPICE BARRA WOLFTHORN X 50 gr','Generico',1,1,12.20,15.50,NULL,'sin receta medica',CURDATE(),'',1,1,(SELECT idcliente FROM cliente WHERE nombres='PROCTER&GAMBLE' AND tipo='laboratorio' LIMIT 1),1,1,1,'1','01'),
('5227C245B1',COALESCE((SELECT idlote FROM lote WHERE numero='5227C245B1' LIMIT 1), 3),'OLD SPICE BARRA PURE SPORT X 50 gr','Generico',1,1,12.20,15.50,NULL,'sin receta medica',CURDATE(),'',1,1,(SELECT idcliente FROM cliente WHERE nombres='PROCTER&GAMBLE' AND tipo='laboratorio' LIMIT 1),1,1,1,'1','01'),
('5155B62924',COALESCE((SELECT idlote FROM lote WHERE numero='5155B62924' LIMIT 1), 3),'OLD SPICE SPRAY DEFENSE X 150 ml','Generico',2,1,26.40,16.00,NULL,'sin receta medica',CURDATE(),'',1,1,(SELECT idcliente FROM cliente WHERE nombres='PROCTER&GAMBLE' AND tipo='laboratorio' LIMIT 1),1,1,1,'1','01'),
('5239B62929',COALESCE((SELECT idlote FROM lote WHERE numero='5239B62929' LIMIT 1), 3),'OLD SPICE SPRAY VIP 48H X 150 ml','Generico',2,1,26.40,16.00,NULL,'sin receta medica',CURDATE(),'',1,1,(SELECT idcliente FROM cliente WHERE nombres='PROCTER&GAMBLE' AND tipo='laboratorio' LIMIT 1),1,1,1,'1','01'),
('5094B6292Y',COALESCE((SELECT idlote FROM lote WHERE numero='5094B6292Y' LIMIT 1), 3),'OLD SPICE SPRAY MAR PROF 48H X 150 ml','Generico',2,1,26.40,16.00,NULL,'sin receta medica',CURDATE(),'',1,1,(SELECT idcliente FROM cliente WHERE nombres='PROCTER&GAMBLE' AND tipo='laboratorio' LIMIT 1),1,1,1,'1','01'),
('2508320',COALESCE((SELECT idlote FROM lote WHERE numero='2508320' LIMIT 1), 3),'LINCOMICINA 600mg/2ml IM/IV','Generico',10,1,9.80,8.00,NULL,'Con receta medica',CURDATE(),'',1,1,(SELECT idcliente FROM cliente WHERE nombres='OQCORP' AND tipo='laboratorio' LIMIT 1),1,1,1,'1','01'),
('2505003',COALESCE((SELECT idlote FROM lote WHERE numero='2505003' LIMIT 1), 3),'CLORURO DE SODIO 9\% IV X 100ml','Generico',6,1,13.80,5.50,NULL,'Con receta medica',CURDATE(),'',1,1,(SELECT idcliente FROM cliente WHERE nombres='OQCORP' AND tipo='laboratorio' LIMIT 1),1,1,1,'1','01'),
('75532',COALESCE((SELECT idlote FROM lote WHERE numero='75532' LIMIT 1), 3),'FLODIN 15mg/1.5ml IM (MELOXICAM)','Generico',3,1,30.90,16.00,NULL,'Con receta medica',CURDATE(),'',1,1,(SELECT idcliente FROM cliente WHERE nombres='TECNOFARMA' AND tipo='laboratorio' LIMIT 1),1,1,1,'1','01'),
('2086635',COALESCE((SELECT idlote FROM lote WHERE numero='2086635' LIMIT 1), 3),'CLORURO DE SODIO 9\% IV X 1000ml','Generico',4,1,20.00,7.50,NULL,'Con receta medica',CURDATE(),'',1,1,(SELECT idcliente FROM cliente WHERE nombres='MEDIFARMA' AND tipo='laboratorio' LIMIT 1),1,1,1,'1','01'),
('5248',COALESCE((SELECT idlote FROM lote WHERE numero='5248' LIMIT 1), 3),'DOVE BARRA STICK JASMINE & RASPBERRY 72H X 45g','Generico',2,1,21.00,15.50,NULL,'sin receta medica',CURDATE(),'',1,1,(SELECT idcliente FROM cliente WHERE nombres='UNILEVER' AND tipo='laboratorio' LIMIT 1),1,1,1,'1','01'),
('TMG',COALESCE((SELECT idlote FROM lote WHERE numero='TMG' LIMIT 1), 3),'REXONA AERO MEN ANTIBAC+INV 72H X 150ml','Generico',1,1,12.60,16.00,NULL,'sin receta medica',CURDATE(),'',1,1,(SELECT idcliente FROM cliente WHERE nombres='UNILEVER' AND tipo='laboratorio' LIMIT 1),1,1,1,'1','01'),
('TXE',COALESCE((SELECT idlote FROM lote WHERE numero='TXE' LIMIT 1), 3),'REXONA AERO MEN XTRACOOL 72H X 150ml','Generico',1,1,12.60,16.00,NULL,'sin receta medica',CURDATE(),'',1,1,(SELECT idcliente FROM cliente WHERE nombres='UNILEVER' AND tipo='laboratorio' LIMIT 1),1,1,1,'1','01'),
('WXI',COALESCE((SELECT idlote FROM lote WHERE numero='WXI' LIMIT 1), 3),'AXE SPRAY DARK 48H X 90ml','Generico',1,1,5.60,9.50,NULL,'sin receta medica',CURDATE(),'',1,1,(SELECT idcliente FROM cliente WHERE nombres='UNILEVER' AND tipo='laboratorio' LIMIT 1),1,1,1,'1','01'),
('5143',COALESCE((SELECT idlote FROM lote WHERE numero='5143' LIMIT 1), 3),'DOVE BARRA STICK ORQUIDEAS 72H X 45g','Generico',1,1,12.50,15.50,NULL,'sin receta medica',CURDATE(),'',1,1,(SELECT idcliente FROM cliente WHERE nombres='UNILEVER' AND tipo='laboratorio' LIMIT 1),1,1,1,'1','01'),
('WXD',COALESCE((SELECT idlote FROM lote WHERE numero='WXD' LIMIT 1), 3),'AXE SPRAY EXCITE 48H X 90ml','Generico',1,1,5.60,9.50,NULL,'sin receta medica',CURDATE(),'',1,1,(SELECT idcliente FROM cliente WHERE nombres='UNILEVER' AND tipo='laboratorio' LIMIT 1),1,1,1,'1','01'),
('2508075010',COALESCE((SELECT idlote FROM lote WHERE numero='2508075010' LIMIT 1), 3),'DENTITO GEL KIDS X 85gr (CHICLE GLOBO)','Generico',3,1,9.60,4.50,NULL,'sin receta medica',CURDATE(),'',1,1,(SELECT idcliente FROM cliente WHERE nombres='ALICORP S.A.A.' AND tipo='laboratorio' LIMIT 1),1,1,1,'1','01'),
('S2410173',COALESCE((SELECT idlote FROM lote WHERE numero='S2410173' LIMIT 1), 3),'HEPADINE FORTE','Generico',30,1,13.50,2.50,NULL,'sin receta medica',CURDATE(),'',1,1,(SELECT idcliente FROM cliente WHERE nombres='BONAPHARM' AND tipo='laboratorio' LIMIT 1),1,1,1,'1','01'),
('S2540214',COALESCE((SELECT idlote FROM lote WHERE numero='S2540214' LIMIT 1), 3),'PLIDOCHECK PLUS 400mg (IBUPROFENO)','Generico',100,1,27.00,1.80,NULL,'sin receta medica',CURDATE(),'',1,1,(SELECT idcliente FROM cliente WHERE nombres='BONAPHARM' AND tipo='laboratorio' LIMIT 1),1,1,1,'1','01'),
('AD2509001',COALESCE((SELECT idlote FROM lote WHERE numero='AD2509001' LIMIT 1), 3),'TOALLAS HUMEDAS CREESE','Generico',6,1,24.00,7.50,NULL,'sin receta medica',CURDATE(),'',1,1,(SELECT idcliente FROM cliente WHERE nombres='DISTRIBUIDORA DROGUERÍA LAS AMÉRICAS' AND tipo='laboratorio' LIMIT 1),1,1,1,'1','01'),
('21010125',COALESCE((SELECT idlote FROM lote WHERE numero='21010125' LIMIT 1), 3),'JABON GLICERINA X 90gr NATURAL','Generico',2,1,3.80,3.50,NULL,'sin receta medica',CURDATE(),'',1,1,(SELECT idcliente FROM cliente WHERE nombres='EUROQUIM' AND tipo='laboratorio' LIMIT 1),1,1,1,'1','01'),
('21010315',COALESCE((SELECT idlote FROM lote WHERE numero='21010315' LIMIT 1), 3),'JABON GLICERINA X 90gr BEBE','Generico',2,1,3.80,3.50,NULL,'sin receta medica',CURDATE(),'',1,1,(SELECT idcliente FROM cliente WHERE nombres='EUROQUIM' AND tipo='laboratorio' LIMIT 1),1,1,1,'1','01'),
('21110225',COALESCE((SELECT idlote FROM lote WHERE numero='21110225' LIMIT 1), 3),'JABON GLICERINA X 90gr ALOE VERA','Generico',2,1,3.80,3.50,NULL,'sin receta medica',CURDATE(),'',1,1,(SELECT idcliente FROM cliente WHERE nombres='EUROQUIM' AND tipo='laboratorio' LIMIT 1),1,1,1,'1','01'),
('20500655',COALESCE((SELECT idlote FROM lote WHERE numero='20500655' LIMIT 1), 3),'MULTIBIOTICOS PROPOLEO & MIEL','Generico',6,1,14.20,3.50,NULL,'sin receta medica',CURDATE(),'',1,1,(SELECT idcliente FROM cliente WHERE nombres='FARMINDUSTRIA' AND tipo='laboratorio' LIMIT 1),1,1,1,'1','01'),
('B250253',COALESCE((SELECT idlote FROM lote WHERE numero='B250253' LIMIT 1), 3),'SUEROX REH X 630ml LIMA LIMON','Generico',2,1,9.20,6.50,NULL,'sin receta medica',CURDATE(),'',1,1,(SELECT idcliente FROM cliente WHERE nombres='GENOMMA LAB' AND tipo='laboratorio' LIMIT 1),1,1,1,'1','01'),
('20250803',COALESCE((SELECT idlote FROM lote WHERE numero='20250803' LIMIT 1), 3),'TOTALDENT 120g HERBAL FRESH MINT','Generico',4,1,10.40,6.50,NULL,'sin receta medica',CURDATE(),'',1,1,(SELECT idcliente FROM cliente WHERE nombres='QUIMICA SUIZA' AND tipo='laboratorio' LIMIT 1),1,1,1,'1','01'),
('20702285',COALESCE((SELECT idlote FROM lote WHERE numero='20702285' LIMIT 1), 3),'CEFADROXILO 500mg','Generico',30,1,15.30,1.00,NULL,'Con receta medica',CURDATE(),'',1,1,(SELECT idcliente FROM cliente WHERE nombres='IQFARMA' AND tipo='laboratorio' LIMIT 1),1,1,1,'1','01'),
('2485COJ',COALESCE((SELECT idlote FROM lote WHERE numero='2485COJ' LIMIT 1), 3),'NEKO JABON AVENA X 110gr','Generico',2,1,7.00,4.50,NULL,'sin receta medica',CURDATE(),'',1,1,(SELECT idcliente FROM cliente WHERE nombres='JOHNSON Y JOHNSON' AND tipo='laboratorio' LIMIT 1),1,1,1,'1','01'),
('5263CO1028',COALESCE((SELECT idlote FROM lote WHERE numero='5263CO1028' LIMIT 1), 3),'COLGATE TRIPLE ACCION  X 150ml','Generico',6,1,58.20,12.50,NULL,'sin receta medica',CURDATE(),'',1,1,(SELECT idcliente FROM cliente WHERE nombres='COLGATE' AND tipo='laboratorio' LIMIT 1),1,1,1,'1','01'),
('230625',COALESCE((SELECT idlote FROM lote WHERE numero='230625' LIMIT 1), 3),'KOTEX NORMAL TELA  C/ALAS','Generico',6,1,21.00,4.50,NULL,'sin receta medica',CURDATE(),'',1,1,(SELECT idcliente FROM cliente WHERE nombres='KIMBERLY CLARK' AND tipo='laboratorio' LIMIT 1),1,1,1,'1','01'),
('240915103',COALESCE((SELECT idlote FROM lote WHERE numero='240915103' LIMIT 1), 3),'ALUMBRE ESTÁNDAR X 42gr LUCERITO','Generico',30,1,20.70,1.50,NULL,'sin receta medica',CURDATE(),'',1,1,(SELECT idcliente FROM cliente WHERE nombres='LUCERITO' AND tipo='laboratorio' LIMIT 1),1,1,1,'1','01'),
('25C02D1',COALESCE((SELECT idlote FROM lote WHERE numero='25C02D1' LIMIT 1), 3),'LIVOLIN FORTE','Generico',30,1,39.20,2.50,NULL,'sin receta medica',CURDATE(),'',1,1,(SELECT idcliente FROM cliente WHERE nombres='MEGA WECARE LIFE' AND tipo='laboratorio' LIMIT 1),1,1,1,'1','01'),
('RN102510028',COALESCE((SELECT idlote FROM lote WHERE numero='RN102510028' LIMIT 1), 3),'NOSOTRAS BUENAS NOCHES NATURAL','Generico',16,1,42.00,8.50,NULL,'sin receta medica',CURDATE(),'',1,1,(SELECT idcliente FROM cliente WHERE nombres='SANCELA - NOSOTRAS' AND tipo='laboratorio' LIMIT 1),1,1,1,'1','01'),
('5029C60103',COALESCE((SELECT idlote FROM lote WHERE numero='5029C60103' LIMIT 1), 3),'NEUROBION 5000','Generico',30,1,99.10,4.00,NULL,'sin receta medica',CURDATE(),'',1,1,(SELECT idcliente FROM cliente WHERE nombres='PROCTER&GAMBLE' AND tipo='laboratorio' LIMIT 1),1,1,1,'1','01'),
('172225',COALESCE((SELECT idlote FROM lote WHERE numero='172225' LIMIT 1), 3),'HEPABIONTA FORTE','Generico',32,1,76.80,3.00,NULL,'sin receta medica',CURDATE(),'',1,1,(SELECT idcliente FROM cliente WHERE nombres='PROCTER&GAMBLE' AND tipo='laboratorio' LIMIT 1),1,1,1,'1','01'),
('2062065',COALESCE((SELECT idlote FROM lote WHERE numero='2062065' LIMIT 1), 3),'DONAFAN FORTE 2mg (LOPERAMIDA)','Generico',30,1,15.60,1.50,NULL,'sin receta medica',CURDATE(),'',1,1,(SELECT idcliente FROM cliente WHERE nombres='PORTUGAL' AND tipo='laboratorio' LIMIT 1),1,1,1,'1','01'),
('21001695',COALESCE((SELECT idlote FROM lote WHERE numero='21001695' LIMIT 1), 3),'REPRIMAN 250mg/5ml JARABE X 50ml','Generico',2,1,16.70,14.50,NULL,'Con receta medica',CURDATE(),'',1,1,(SELECT idcliente FROM cliente WHERE nombres='QUILAB' AND tipo='laboratorio' LIMIT 1),1,1,1,'1','01'),
('20801125',COALESCE((SELECT idlote FROM lote WHERE numero='20801125' LIMIT 1), 3),'REPRIMAN 500mg','Generico',100,1,20.00,0.50,NULL,'Con receta medica',CURDATE(),'',1,1,(SELECT idcliente FROM cliente WHERE nombres='QUILAB' AND tipo='laboratorio' LIMIT 1),1,1,1,'1','01'),
('20802565',COALESCE((SELECT idlote FROM lote WHERE numero='20802565' LIMIT 1), 3),'REPRIMAN 500mg/ml GOTAS X 10ml','Generico',2,1,15.80,10.50,NULL,'Con receta medica',CURDATE(),'',1,1,(SELECT idcliente FROM cliente WHERE nombres='QILAB' AND tipo='laboratorio' LIMIT 1),1,1,1,'1','01'),
('2080385',COALESCE((SELECT idlote FROM lote WHERE numero='2080385' LIMIT 1), 3),'ROXTRIM PEDIATRICO 200+40mg/5ml X 60ml','Generico',2,1,14.00,18.00,NULL,'Con receta medica',CURDATE(),'',1,1,(SELECT idcliente FROM cliente WHERE nombres='ROXFARMA' AND tipo='laboratorio' LIMIT 1),1,1,1,'1','01'),
('2050405',COALESCE((SELECT idlote FROM lote WHERE numero='2050405' LIMIT 1), 3),'BACTRIM FORTE 800mg + 160mg','Generico',20,1,20.40,2.00,NULL,'Con receta medica',CURDATE(),'',1,1,(SELECT idcliente FROM cliente WHERE nombres='SIEGFRIED' AND tipo='laboratorio' LIMIT 1),1,1,1,'1','01'),
('10116561',COALESCE((SELECT idlote FROM lote WHERE numero='10116561' LIMIT 1), 3),'LADYSOFT NORMAL C/ALAS','Generico',6,1,20.40,4.50,NULL,'sin receta medica',CURDATE(),'',1,1,(SELECT idcliente FROM cliente WHERE nombres='PROTISA' AND tipo='laboratorio' LIMIT 1),1,1,1,'1','01'),
('14072027',COALESCE((SELECT idlote FROM lote WHERE numero='14072027' LIMIT 1), 3),'REXONA CREMA NUTRITIVE MUJER X SACHETS','Generico',10,1,9.80,1.50,NULL,'sin receta medica',CURDATE(),'',1,1,(SELECT idcliente FROM cliente WHERE nombres='UNILEVER' AND tipo='laboratorio' LIMIT 1),1,1,1,'1','01'),
('25032027',COALESCE((SELECT idlote FROM lote WHERE numero='25032027' LIMIT 1), 3),'PONDS CLARANT B3 PIEL GRASA X SACHETS','Generico',20,1,21.60,1.50,NULL,'sin receta medica',CURDATE(),'',1,1,(SELECT idcliente FROM cliente WHERE nombres='UNILEVER' AND tipo='laboratorio' LIMIT 1),1,1,1,'1','01'),
('21001355',COALESCE((SELECT idlote FROM lote WHERE numero='21001355' LIMIT 1), 3),'TALCO ISANA X 60gr','Generico',2,1,12.00,7.50,NULL,'sin receta medica',CURDATE(),'',1,1,(SELECT idcliente FROM cliente WHERE nombres='YOBEL SUPPLY' AND tipo='laboratorio' LIMIT 1),1,1,1,'1','01'),
('21001355',COALESCE((SELECT idlote FROM lote WHERE numero='21001355' LIMIT 1), 3),'TALCO ISANA X 2400gr','Generico',2,1,8.00,15.00,NULL,'sin receta medica',CURDATE(),'',1,1,(SELECT idcliente FROM cliente WHERE nombres='YOBEL SUPPLY' AND tipo='laboratorio' LIMIT 1),1,1,1,'1','01'),
('S2410173',COALESCE((SELECT idlote FROM lote WHERE numero='S2410173' LIMIT 1), 3),'BONA-B-FORTE CAP BONAPHARM','Generico',30,1,18.60,2.00,NULL,'sin receta medica',CURDATE(),'',1,1,(SELECT idcliente FROM cliente WHERE nombres='BONAPHARM' AND tipo='laboratorio' LIMIT 1),1,1,1,'1','01'),
('2513378402',COALESCE((SELECT idlote FROM lote WHERE numero='2513378402' LIMIT 1), 3),'FRUTTI FLEX X 100ML FRESA','Generico',4,1,28.80,11.00,NULL,'sin receta medica',CURDATE(),'',1,1,(SELECT idcliente FROM cliente WHERE nombres='B.BRAUN' AND tipo='laboratorio' LIMIT 1),1,1,1,'1','01'),
('2513478401',COALESCE((SELECT idlote FROM lote WHERE numero='2513478401' LIMIT 1), 3),'FRUTTIPED X 500ML ','Generico',4,1,23.60,8.00,NULL,'sin receta medica',CURDATE(),'',1,1,(SELECT idcliente FROM cliente WHERE nombres='B.BRAUN' AND tipo='laboratorio' LIMIT 1),1,1,1,'1','01'),
('21200835',COALESCE((SELECT idlote FROM lote WHERE numero='21200835' LIMIT 1), 3),'AGUA FLORIDA X 22ML','Generico',2,1,3.00,3.00,NULL,'sin receta medica',CURDATE(),'',1,1,(SELECT idcliente FROM cliente WHERE nombres='CIDASA' AND tipo='laboratorio' LIMIT 1),1,1,1,'1','01'),
('21201475',COALESCE((SELECT idlote FROM lote WHERE numero='21201475' LIMIT 1), 3),'AGUA FLORIDA X 70ML','Generico',2,1,5.80,5.00,NULL,'sin receta medica',CURDATE(),'',1,1,(SELECT idcliente FROM cliente WHERE nombres='CIDASA' AND tipo='laboratorio' LIMIT 1),1,1,1,'1','01'),
('21204595',COALESCE((SELECT idlote FROM lote WHERE numero='21204595' LIMIT 1), 3),'AGUA FLORIDA X 270ML','Generico',1,1,7.60,10.50,NULL,'sin receta medica',CURDATE(),'',1,1,(SELECT idcliente FROM cliente WHERE nombres='CIDASA' AND tipo='laboratorio' LIMIT 1),1,1,1,'1','01'),
('21000145',COALESCE((SELECT idlote FROM lote WHERE numero='21000145' LIMIT 1), 3),'VASELINA REUTER PERFUMADA X 18G','Generico',4,1,6.20,3.00,NULL,'sin receta medica',CURDATE(),'',1,1,(SELECT idcliente FROM cliente WHERE nombres='CIDASA' AND tipo='laboratorio' LIMIT 1),1,1,1,'1','01'),
('21000075',COALESCE((SELECT idlote FROM lote WHERE numero='21000075' LIMIT 1), 3),'VASELINA REUTER PURA X 18G','Generico',6,1,7.70,3.00,NULL,'sin receta medica',CURDATE(),'',1,1,(SELECT idcliente FROM cliente WHERE nombres='CIDASA' AND tipo='laboratorio' LIMIT 1),1,1,1,'1','01'),
('2070185',COALESCE((SELECT idlote FROM lote WHERE numero='2070185' LIMIT 1), 3),'AGUA DEL CARMEN X 30ML LEOS','Generico',6,1,4.20,3.50,NULL,'sin receta medica',CURDATE(),'',1,1,(SELECT idcliente FROM cliente WHERE nombres='D LEOS' AND tipo='laboratorio' LIMIT 1),1,1,1,'1','01'),
('42141009',COALESCE((SELECT idlote FROM lote WHERE numero='42141009' LIMIT 1), 3),'PARCHE TERMICO DE LEON ARNICA','Generico',8,1,32.00,6.50,NULL,'sin receta medica',CURDATE(),'',1,1,(SELECT idcliente FROM cliente WHERE nombres='BEIERSDORF' AND tipo='laboratorio' LIMIT 1),1,1,1,'1','01'),
('410016',COALESCE((SELECT idlote FROM lote WHERE numero='410016' LIMIT 1), 3),'CIRUELAX FORTE TAB','Generico',20,1,17.00,1.50,NULL,'sin receta medica',CURDATE(),'',1,1,(SELECT idcliente FROM cliente WHERE nombres='GARDEN HOUSE' AND tipo='laboratorio' LIMIT 1),1,1,1,'1','01'),
('AB202624',COALESCE((SELECT idlote FROM lote WHERE numero='AB202624' LIMIT 1), 3),'ACIDO BORICO POTE X 50G ','Generico',6,1,6.00,2.50,NULL,'sin receta medica',CURDATE(),'',1,1,(SELECT idcliente FROM cliente WHERE nombres='JENFARMA' AND tipo='laboratorio' LIMIT 1),1,1,1,'1','01'),
('OZ206054',COALESCE((SELECT idlote FROM lote WHERE numero='OZ206054' LIMIT 1), 3),'OXIDO DE ZINC POTE X 100G','Generico',4,1,9.20,3.50,NULL,'sin receta medica',CURDATE(),'',1,1,(SELECT idcliente FROM cliente WHERE nombres='JENFARMA' AND tipo='laboratorio' LIMIT 1),1,1,1,'1','01'),
('AB206034',COALESCE((SELECT idlote FROM lote WHERE numero='AB206034' LIMIT 1), 3),'ACIDO BORICO POTE X 100G ','Generico',12,1,24.00,3.50,NULL,'sin receta medica',CURDATE(),'',1,1,(SELECT idcliente FROM cliente WHERE nombres='JENFARMA' AND tipo='laboratorio' LIMIT 1),1,1,1,'1','01'),
('206194',COALESCE((SELECT idlote FROM lote WHERE numero='206194' LIMIT 1), 3),'ELIXIR ESTOMACAL X 30ML ','Generico',6,1,4.20,2.00,NULL,'sin receta medica',CURDATE(),'',1,1,(SELECT idcliente FROM cliente WHERE nombres='JENFARMA' AND tipo='laboratorio' LIMIT 1),1,1,1,'1','01'),
('203165',COALESCE((SELECT idlote FROM lote WHERE numero='203165' LIMIT 1), 3),'ACEITE ROSADO X 30ML ','Generico',6,1,6.00,2.00,NULL,'sin receta medica',CURDATE(),'',1,1,(SELECT idcliente FROM cliente WHERE nombres='JENFARMA' AND tipo='laboratorio' LIMIT 1),1,1,1,'1','01'),
('203185',COALESCE((SELECT idlote FROM lote WHERE numero='203185' LIMIT 1), 3),'VOLETA GENCIONA X 30ML','Generico',6,1,4.20,2.50,NULL,'sin receta medica',CURDATE(),'',1,1,(SELECT idcliente FROM cliente WHERE nombres='JENFARMA' AND tipo='laboratorio' LIMIT 1),1,1,1,'1','01'),
('201035',COALESCE((SELECT idlote FROM lote WHERE numero='201035' LIMIT 1), 3),'BICARBONNATO DE SODIO POTE X 100G','Generico',12,1,14.40,3.50,NULL,'sin receta medica',CURDATE(),'',1,1,(SELECT idcliente FROM cliente WHERE nombres='JENFARMA' AND tipo='laboratorio' LIMIT 1),1,1,1,'1','01'),
('205084',COALESCE((SELECT idlote FROM lote WHERE numero='205084' LIMIT 1), 3),'TINTURA DE YODO X 30ML','Generico',6,1,6.60,2.00,NULL,'sin receta medica',CURDATE(),'',1,1,(SELECT idcliente FROM cliente WHERE nombres='JENFARMA' AND tipo='laboratorio' LIMIT 1),1,1,1,'1','01'),
('203175',COALESCE((SELECT idlote FROM lote WHERE numero='203175' LIMIT 1), 3),'ALCOHOL YODADO X30ML','Generico',6,1,4.20,1.50,NULL,'sin receta medica',CURDATE(),'',1,1,(SELECT idcliente FROM cliente WHERE nombres='JENFARMA' AND tipo='laboratorio' LIMIT 1),1,1,1,'1','01'),
('2110115',COALESCE((SELECT idlote FROM lote WHERE numero='2110115' LIMIT 1), 3),'DEXALOR PLUS TAB','Generico',52,1,46.80,2.50,NULL,'sin receta medica',CURDATE(),'',1,1,(SELECT idcliente FROM cliente WHERE nombres='DELFARMA' AND tipo='laboratorio' LIMIT 1),1,1,1,'1','01'),
('210034',COALESCE((SELECT idlote FROM lote WHERE numero='210034' LIMIT 1), 3),'REUMA SOL NF X 60G UNGÜENTO','Generico',2,1,22.40,16.50,NULL,'sin receta medica',CURDATE(),'',1,1,(SELECT idcliente FROM cliente WHERE nombres='FARMAQUIL' AND tipo='laboratorio' LIMIT 1),1,1,1,'1','01'),
('2093835',COALESCE((SELECT idlote FROM lote WHERE numero='2093835' LIMIT 1), 3),'MENTHOLATUM NF UNG X 85G','Generico',2,1,23.60,14.00,NULL,'sin receta medica',CURDATE(),'',1,1,(SELECT idcliente FROM cliente WHERE nombres='MEDIFARMA' AND tipo='laboratorio' LIMIT 1),1,1,1,'1','01'),
('2071535',COALESCE((SELECT idlote FROM lote WHERE numero='2071535' LIMIT 1), 3),'MENTHOLATUM NF UNG X 18G LATA','Generico',12,1,38.40,3.50,NULL,'sin receta medica',CURDATE(),'',1,1,(SELECT idcliente FROM cliente WHERE nombres='MEDIFARMA' AND tipo='laboratorio' LIMIT 1),1,1,1,'1','01'),
('2113155',COALESCE((SELECT idlote FROM lote WHERE numero='2113155' LIMIT 1), 3),'MENTHOLATUM NF UNG X 5G LATA','Generico',24,1,22.80,1.50,NULL,'sin receta medica',CURDATE(),'',1,1,(SELECT idcliente FROM cliente WHERE nombres='MEDIFARMA' AND tipo='laboratorio' LIMIT 1),1,1,1,'1','01'),
('2501',COALESCE((SELECT idlote FROM lote WHERE numero='2501' LIMIT 1), 3),'XILOCAINA 2\% JALEA (LIDOCAINA CLORHIDRATO GEL)','Generico',1,1,13.00,20.00,NULL,'Con receta medica',CURDATE(),'',1,1,(SELECT idcliente FROM cliente WHERE nombres='SHERFARM' AND tipo='laboratorio' LIMIT 1),1,1,1,'1','01'),
('1571161',COALESCE((SELECT idlote FROM lote WHERE numero='1571161' LIMIT 1), 3),'TDN ALERGY 10MG (CETERIZINA)','Generico',100,1,34.10,1.50,NULL,'sin receta medica',CURDATE(),'',1,1,(SELECT idcliente FROM cliente WHERE nombres='SHERFARM' AND tipo='laboratorio' LIMIT 1),1,1,1,'1','01'),
('2023925',COALESCE((SELECT idlote FROM lote WHERE numero='2023925' LIMIT 1), 3),'ELECTRORAL NF PEDIATRICO FRESA X 1L','Generico',6,1,64.80,14.00,NULL,'sin receta medica',CURDATE(),'',1,1,(SELECT idcliente FROM cliente WHERE nombres='MEDIFARMA' AND tipo='laboratorio' LIMIT 1),1,1,1,'1','01'),
('52104354M0',COALESCE((SELECT idlote FROM lote WHERE numero='52104354M0' LIMIT 1), 3),'VICK VAPORUB POTE X 50G UNGÜENTO','Generico',1,1,12.00,14.50,NULL,'sin receta medica',CURDATE(),'',1,1,(SELECT idcliente FROM cliente WHERE nombres='VICK' AND tipo='laboratorio' LIMIT 1),1,1,1,'1','01'),
('51804354M1',COALESCE((SELECT idlote FROM lote WHERE numero='51804354M1' LIMIT 1), 3),'VICK VAPORUB POTE X 100G UNGÜENTO','Generico',1,1,19.80,22.00,NULL,'sin receta medica',CURDATE(),'',1,1,(SELECT idcliente FROM cliente WHERE nombres='VICK' AND tipo='laboratorio' LIMIT 1),1,1,1,'1','01'),
('51294354M1',COALESCE((SELECT idlote FROM lote WHERE numero='51294354M1' LIMIT 1), 3),'VICK BABYBALM POTE X 50G','Generico',1,1,13.60,16.50,NULL,'sin receta medica',CURDATE(),'',1,1,(SELECT idcliente FROM cliente WHERE nombres='VICK' AND tipo='laboratorio' LIMIT 1),1,1,1,'1','01'),
('20301605',COALESCE((SELECT idlote FROM lote WHERE numero='20301605' LIMIT 1), 3),'MAGNESOL EFERV MG + ZIC NARANJA','Generico',33,1,31.40,1.20,NULL,'sin receta medica',CURDATE(),'',1,1,(SELECT idcliente FROM cliente WHERE nombres='VIDASOL' AND tipo='laboratorio' LIMIT 1),1,1,1,'1','01'),
('20800025',COALESCE((SELECT idlote FROM lote WHERE numero='20800025' LIMIT 1), 3),'HAMAMELIS LOCION 180ML (MARAVILLA CURATIVA)','Generico',3,1,10.50,5.00,NULL,'sin receta medica',CURDATE(),'',1,1,(SELECT idcliente FROM cliente WHERE nombres='YOBEL SUPPLY' AND tipo='laboratorio' LIMIT 1),1,1,1,'1','01'),
('XB30VHV',COALESCE((SELECT idlote FROM lote WHERE numero='XB30VHV' LIMIT 1), 3),'MESIGYNA X 1ML INYECTABLE','Generico',4,1,63.40,25.00,NULL,'Con receta medica',CURDATE(),'',1,1,(SELECT idcliente FROM cliente WHERE nombres='BAYER' AND tipo='laboratorio' LIMIT 1),1,1,1,'1','01'),
('ME24L032',COALESCE((SELECT idlote FROM lote WHERE numero='ME24L032' LIMIT 1), 3),'CLONDICYN 300MG (CLINDAMICINA ) BONAPHARM','Generico',50,1,31.50,2.50,NULL,'Con receta medica',CURDATE(),'',1,1,(SELECT idcliente FROM cliente WHERE nombres='BONAPHARM' AND tipo='laboratorio' LIMIT 1),1,1,1,'1','01'),
('ND',COALESCE((SELECT idlote FROM lote WHERE numero='ND' AND fecha_vencimiento='2030-03-01' LIMIT 1), 3),'VENDITAS TOP MEDIC X 100MG','Generico',100,1,3.10,0.10,NULL,'sin receta medica',CURDATE(),'',1,1,(SELECT idcliente FROM cliente WHERE nombres='DISTRIBUIDORA DROGUERÍA LAS AMÉRICAS' AND tipo='laboratorio' LIMIT 1),1,1,1,'1','01'),
('2099065',COALESCE((SELECT idlote FROM lote WHERE numero='2099065' LIMIT 1), 3),'SAL DE ANDREWS CLASICA','Generico',100,1,61.00,1.00,NULL,'sin receta medica',CURDATE(),'',1,1,(SELECT idcliente FROM cliente WHERE nombres='MEDIFARMA' AND tipo='laboratorio' LIMIT 1),1,1,1,'1','01'),
('S/LOTE',COALESCE((SELECT idlote FROM lote WHERE numero='S/LOTE' LIMIT 1), 3),'LECHE MAGNESIA KINDS DURAZNO X 120ML ','Generico',2,1,15.80,10.00,NULL,'sin receta medica',CURDATE(),'',1,1,(SELECT idcliente FROM cliente WHERE nombres='S/LAB' AND tipo='laboratorio' LIMIT 1),1,1,1,'1','01'),
('S/LOTE',COALESCE((SELECT idlote FROM lote WHERE numero='S/LOTE' LIMIT 1), 3),'LECHE MAGNESIA CEREZA X 120ML ','Generico',2,1,15.20,10.00,NULL,'sin receta medica',CURDATE(),'',1,1,(SELECT idcliente FROM cliente WHERE nombres='S/LAB' AND tipo='laboratorio' LIMIT 1),1,1,1,'1','01'),
('S/LOTE',COALESCE((SELECT idlote FROM lote WHERE numero='S/LOTE' LIMIT 1), 3),'LECHE MAGNESIA CIRUELA X 120ML ','Generico',2,1,15.20,10.00,NULL,'sin receta medica',CURDATE(),'',1,1,(SELECT idcliente FROM cliente WHERE nombres='S/LAB' AND tipo='laboratorio' LIMIT 1),1,1,1,'1','01'),
('S/LOTE',COALESCE((SELECT idlote FROM lote WHERE numero='S/LOTE' LIMIT 1), 3),'PANADOL ANTIGRIPAL  X 2 TAB','Generico',30,1,67.20,3.00,NULL,'sin receta medica',CURDATE(),'',1,1,(SELECT idcliente FROM cliente WHERE nombres='S/LAB' AND tipo='laboratorio' LIMIT 1),1,1,1,'1','01'),
('S/LOTE',COALESCE((SELECT idlote FROM lote WHERE numero='S/LOTE' LIMIT 1), 3),'PANADOL GOTAS X 15ML ','Generico',3,1,49.50,18.50,NULL,'sin receta medica',CURDATE(),'',1,1,(SELECT idcliente FROM cliente WHERE nombres='S/LAB' AND tipo='laboratorio' LIMIT 1),1,1,1,'1','01'),
('S/LOTE',COALESCE((SELECT idlote FROM lote WHERE numero='S/LOTE' LIMIT 1), 3),'DOLORAL FORTE 200MG/5ML X 60ML','Generico',1,1,17.00,27.00,NULL,'sin receta medica',CURDATE(),'',1,1,(SELECT idcliente FROM cliente WHERE nombres='S/LAB' AND tipo='laboratorio' LIMIT 1),1,1,1,'1','01'),
('S/LOTE',COALESCE((SELECT idlote FROM lote WHERE numero='S/LOTE' LIMIT 1), 3),'DOLORAL 100MG/5ML SUSP X 60ML','Generico',1,1,9.80,16.00,NULL,'sin receta medica',CURDATE(),'',1,1,(SELECT idcliente FROM cliente WHERE nombres='S/LAB' AND tipo='laboratorio' LIMIT 1),1,1,1,'1','01'),
('S/LOTE',COALESCE((SELECT idlote FROM lote WHERE numero='S/LOTE' LIMIT 1), 3),'FLATUZYM ADVANCE CAP','Generico',100,1,64.00,1.50,NULL,'sin receta medica',CURDATE(),'',1,1,(SELECT idcliente FROM cliente WHERE nombres='S/LAB' AND tipo='laboratorio' LIMIT 1),1,1,1,'1','01'),
('S/LOTE',COALESCE((SELECT idlote FROM lote WHERE numero='S/LOTE' LIMIT 1), 3),'TOSALBRON INFANTIL X100ML JAB','Generico',1,1,14.50,20.00,NULL,'sin receta medica',CURDATE(),'',1,1,(SELECT idcliente FROM cliente WHERE nombres='S/LAB' AND tipo='laboratorio' LIMIT 1),1,1,1,'1','01'),
('S/LOTE',COALESCE((SELECT idlote FROM lote WHERE numero='S/LOTE' LIMIT 1), 3),'TOSALBRON ADULTO X100ML JAB','Generico',1,1,14.80,22.00,NULL,'sin receta medica',CURDATE(),'',1,1,(SELECT idcliente FROM cliente WHERE nombres='S/LAB' AND tipo='laboratorio' LIMIT 1),1,1,1,'1','01'),
('S/LOTE',COALESCE((SELECT idlote FROM lote WHERE numero='S/LOTE' LIMIT 1), 3),'AGUA DE AZAHAR X 120ML','Generico',12,1,8.40,2.50,NULL,'sin receta medica',CURDATE(),'',1,1,(SELECT idcliente FROM cliente WHERE nombres='S/LAB' AND tipo='laboratorio' LIMIT 1),1,1,1,'1','01'),
('S/LOTE',COALESCE((SELECT idlote FROM lote WHERE numero='S/LOTE' LIMIT 1), 3),'GASEOVET 80MG TAB MASTICABLE (SIMETICONA)','Generico',30,1,57.00,2.50,NULL,'sin receta medica',CURDATE(),'',1,1,(SELECT idcliente FROM cliente WHERE nombres='S/LAB' AND tipo='laboratorio' LIMIT 1),1,1,1,'1','01'),
('S/LOTE',COALESCE((SELECT idlote FROM lote WHERE numero='S/LOTE' LIMIT 1), 3),'ABRILAR EA 575 JAB X 100ML','Generico',1,1,19.20,24.00,NULL,'sin receta medica',CURDATE(),'',1,1,(SELECT idcliente FROM cliente WHERE nombres='S/LAB' AND tipo='laboratorio' LIMIT 1),1,1,1,'1','01'),
('S/LOTE',COALESCE((SELECT idlote FROM lote WHERE numero='S/LOTE' LIMIT 1), 3),'PLIDAN COMPUESTO TAB','Generico',30,1,25.60,2.00,NULL,'sin receta medica',CURDATE(),'',1,1,(SELECT idcliente FROM cliente WHERE nombres='S/LAB' AND tipo='laboratorio' LIMIT 1),1,1,1,'1','01'),
('S/LOTE',COALESCE((SELECT idlote FROM lote WHERE numero='S/LOTE' LIMIT 1), 3),'SALES DE REHIDRATACION X SOBRE','Generico',10,1,9.00,2.50,NULL,'sin receta medica',CURDATE(),'',1,1,(SELECT idcliente FROM cliente WHERE nombres='S/LAB' AND tipo='laboratorio' LIMIT 1),1,1,1,'1','01'),
('S/LOTE',COALESCE((SELECT idlote FROM lote WHERE numero='S/LOTE' LIMIT 1), 3),'BRONCO VELAMOX SUSP X 60ML','Generico',4,1,28.00,24.00,NULL,'Con receta medica',CURDATE(),'',1,1,(SELECT idcliente FROM cliente WHERE nombres='S/LAB' AND tipo='laboratorio' LIMIT 1),1,1,1,'1','01'),
('S/LOTE',COALESCE((SELECT idlote FROM lote WHERE numero='S/LOTE' LIMIT 1), 3),'CLAVUTRIM 250MG/5ML X 60ML ','Generico',2,1,7.20,18.00,NULL,'Con receta medica',CURDATE(),'',1,1,(SELECT idcliente FROM cliente WHERE nombres='S/LAB' AND tipo='laboratorio' LIMIT 1),1,1,1,'1','01'),
('S/LOTE',COALESCE((SELECT idlote FROM lote WHERE numero='S/LOTE' LIMIT 1), 3),'CLAVUTRIM CL 250MG/5ML X 60ML ','Generico',2,1,20.40,25.00,NULL,'Con receta medica',CURDATE(),'',1,1,(SELECT idcliente FROM cliente WHERE nombres='S/LAB' AND tipo='laboratorio' LIMIT 1),1,1,1,'1','01'),
('S/LOTE',COALESCE((SELECT idlote FROM lote WHERE numero='S/LOTE' LIMIT 1), 3),'NAUX 50MG TAB (DIMENHIDRINATO)','Generico',100,1,23.50,2.00,NULL,'sin receta medica',CURDATE(),'',1,1,(SELECT idcliente FROM cliente WHERE nombres='S/LAB' AND tipo='laboratorio' LIMIT 1),1,1,1,'1','01'),
('S/LOTE',COALESCE((SELECT idlote FROM lote WHERE numero='S/LOTE' LIMIT 1), 3),'BUSCAPINA TAB','Generico',30,1,31.40,2.00,NULL,'sin receta medica',CURDATE(),'',1,1,(SELECT idcliente FROM cliente WHERE nombres='S/LAB' AND tipo='laboratorio' LIMIT 1),1,1,1,'1','01'),
('S/LOTE',COALESCE((SELECT idlote FROM lote WHERE numero='S/LOTE' LIMIT 1), 3),'SHAMPOO SEDAL X 340ML','Generico',5,1,9.90,13.50,NULL,'sin receta medica',CURDATE(),'',1,1,(SELECT idcliente FROM cliente WHERE nombres='S/LAB' AND tipo='laboratorio' LIMIT 1),1,1,1,'1','01'),
('S/LOTE',COALESCE((SELECT idlote FROM lote WHERE numero='S/LOTE' LIMIT 1), 3),'SHAMPOO SAVITAL X 510ML','Generico',4,1,11.20,15.00,NULL,'sin receta medica',CURDATE(),'',1,1,(SELECT idcliente FROM cliente WHERE nombres='S/LAB' AND tipo='laboratorio' LIMIT 1),1,1,1,'1','01'),
('S/LOTE',COALESCE((SELECT idlote FROM lote WHERE numero='S/LOTE' LIMIT 1), 3),'ELUDDE 1.5MG (LEVONORGESTREL)','Generico',10,1,15.00,15.00,NULL,'Con receta medica',CURDATE(),'',1,1,(SELECT idcliente FROM cliente WHERE nombres='S/LAB' AND tipo='laboratorio' LIMIT 1),1,1,1,'1','01'),
('S/LOTE',COALESCE((SELECT idlote FROM lote WHERE numero='S/LOTE' LIMIT 1), 3),'DAMICOCYN 1.5MG TAB (LEVONORGESTREL)','Generico',10,1,15.00,18.00,NULL,'Con receta medica',CURDATE(),'',1,1,(SELECT idcliente FROM cliente WHERE nombres='S/LAB' AND tipo='laboratorio' LIMIT 1),1,1,1,'1','01'),
('S/LOTE',COALESCE((SELECT idlote FROM lote WHERE numero='S/LOTE' LIMIT 1), 3),'SACADOL 1.5 (LEVORGESTREL)','Generico',10,1,21.00,20.00,NULL,'Con receta medica',CURDATE(),'',1,1,(SELECT idcliente FROM cliente WHERE nombres='S/LAB' AND tipo='laboratorio' LIMIT 1),1,1,1,'1','01'),
('S/LOTE',COALESCE((SELECT idlote FROM lote WHERE numero='S/LOTE' LIMIT 1), 3),'CRESSE HISOPOS 50 UNDS BOLSA','Generico',20,1,13.40,1.50,NULL,'sin receta medica',CURDATE(),'',1,1,(SELECT idcliente FROM cliente WHERE nombres='S/LAB' AND tipo='laboratorio' LIMIT 1),1,1,1,'1','01'),
('S/LOTE',COALESCE((SELECT idlote FROM lote WHERE numero='S/LOTE' LIMIT 1), 3),'TEST 7 CASSETTE (LILA)','Generico',6,1,12.60,8.00,NULL,'sin receta medica',CURDATE(),'',1,1,(SELECT idcliente FROM cliente WHERE nombres='S/LAB' AND tipo='laboratorio' LIMIT 1),1,1,1,'1','01'),
('S/LOTE',COALESCE((SELECT idlote FROM lote WHERE numero='S/LOTE' LIMIT 1), 3),'RHINO CLO 0.9\% X 15ML(CLORURO DE SODIO)','Generico',1,1,5.50,10.50,NULL,'sin receta medica',CURDATE(),'',1,1,(SELECT idcliente FROM cliente WHERE nombres='S/LAB' AND tipo='laboratorio' LIMIT 1),1,1,1,'1','01'),
('S/LOTE',COALESCE((SELECT idlote FROM lote WHERE numero='S/LOTE' LIMIT 1), 3),'AMBROXOL 15MG/5ML X 120','Generico',2,1,5.60,5.00,NULL,'sin receta medica',CURDATE(),'',1,1,(SELECT idcliente FROM cliente WHERE nombres='S/LAB' AND tipo='laboratorio' LIMIT 1),1,1,1,'1','01'),
('S/LOTE',COALESCE((SELECT idlote FROM lote WHERE numero='S/LOTE' LIMIT 1), 3),'SILDENAFILO 100MG FARMAINDUSTRIA ','Generico',50,1,22.00,3.50,NULL,'Con receta medica',CURDATE(),'',1,1,(SELECT idcliente FROM cliente WHERE nombres='S/LAB' AND tipo='laboratorio' LIMIT 1),1,1,1,'1','01'),
('S/LOTE',COALESCE((SELECT idlote FROM lote WHERE numero='S/LOTE' LIMIT 1), 3),'AMBROXOL 30MG/5ML X 120 FI','Generico',2,1,6.80,6.00,NULL,'sin receta medica',CURDATE(),'',1,1,(SELECT idcliente FROM cliente WHERE nombres='S/LAB' AND tipo='laboratorio' LIMIT 1),1,1,1,'1','01'),
('S/LOTE',COALESCE((SELECT idlote FROM lote WHERE numero='S/LOTE' LIMIT 1), 3),'SHAMPOO MEDICAS SACHET','Generico',10,1,20.80,3.00,NULL,'sin receta medica',CURDATE(),'',1,1,(SELECT idcliente FROM cliente WHERE nombres='S/LAB' AND tipo='laboratorio' LIMIT 1),1,1,1,'1','01'),
('S/LOTE',COALESCE((SELECT idlote FROM lote WHERE numero='S/LOTE' LIMIT 1), 3),'GASTRORAL SUSP X 200ML ','Generico',2,1,27.60,20.00,NULL,'sin receta medica',CURDATE(),'',1,1,(SELECT idcliente FROM cliente WHERE nombres='S/LAB' AND tipo='laboratorio' LIMIT 1),1,1,1,'1','01'),
('S/LOTE',COALESCE((SELECT idlote FROM lote WHERE numero='S/LOTE' LIMIT 1), 3),'GENTAMICINA 0.3\% GOTAS X 5ML ','Generico',4,1,18.40,9.00,NULL,'Con receta medica',CURDATE(),'',1,1,(SELECT idcliente FROM cliente WHERE nombres='S/LAB' AND tipo='laboratorio' LIMIT 1),1,1,1,'1','01'),
('S/LOTE',COALESCE((SELECT idlote FROM lote WHERE numero='S/LOTE' LIMIT 1), 3),'HUMED 0.3\% GOTAS  X 15ML ','Generico',2,1,19.60,17.00,NULL,'Con receta medica',CURDATE(),'',1,1,(SELECT idcliente FROM cliente WHERE nombres='S/LAB' AND tipo='laboratorio' LIMIT 1),1,1,1,'1','01'),
('S/LOTE',COALESCE((SELECT idlote FROM lote WHERE numero='S/LOTE' LIMIT 1), 3),'PARASINTEL 400MG/10ML SUSP (ALBENDAZOL)','Generico',5,1,30.80,12.00,NULL,'Con receta medica',CURDATE(),'',1,1,(SELECT idcliente FROM cliente WHERE nombres='S/LAB' AND tipo='laboratorio' LIMIT 1),1,1,1,'1','01'),
('S/LOTE',COALESCE((SELECT idlote FROM lote WHERE numero='S/LOTE' LIMIT 1), 3),'SOLUTRES 150MG X 1ML AMPOLLA ','Generico',2,1,50.50,28.50,NULL,'Con receta medica',CURDATE(),'',1,1,(SELECT idcliente FROM cliente WHERE nombres='S/LAB' AND tipo='laboratorio' LIMIT 1),1,1,1,'1','01'),
('S/LOTE',COALESCE((SELECT idlote FROM lote WHERE numero='S/LOTE' LIMIT 1), 3),'GASEOVET GOTAS FRESA 80MG/ML X 15ML','Generico',1,1,23.00,28.00,NULL,'sin receta medica',CURDATE(),'',1,1,(SELECT idcliente FROM cliente WHERE nombres='S/LAB' AND tipo='laboratorio' LIMIT 1),1,1,1,'1','01'),
('S/LOTE',COALESCE((SELECT idlote FROM lote WHERE numero='S/LOTE' LIMIT 1), 3),'SOLOUNA5 IM X 1ML AMPOLLA ','Generico',1,1,11.30,26.00,NULL,'Con receta medica',CURDATE(),'',1,1,(SELECT idcliente FROM cliente WHERE nombres='S/LAB' AND tipo='laboratorio' LIMIT 1),1,1,1,'1','01'),
('S/LOTE',COALESCE((SELECT idlote FROM lote WHERE numero='S/LOTE' LIMIT 1), 3),'ACI-TIP 400MG +30MG/5ML SUSP X 200ML ','Generico',1,1,24.00,28.00,NULL,'sin receta medica',CURDATE(),'',1,1,(SELECT idcliente FROM cliente WHERE nombres='S/LAB' AND tipo='laboratorio' LIMIT 1),1,1,1,'1','01'),
('S/LOTE',COALESCE((SELECT idlote FROM lote WHERE numero='S/LOTE' LIMIT 1), 3),'EVAKUA 7.5MG/ML GOTAS X 20ML','Generico',1,1,12.00,18.00,NULL,'sin receta medica',CURDATE(),'',1,1,(SELECT idcliente FROM cliente WHERE nombres='S/LAB' AND tipo='laboratorio' LIMIT 1),1,1,1,'1','01'),
('S/LOTE',COALESCE((SELECT idlote FROM lote WHERE numero='S/LOTE' LIMIT 1), 3),'FAMILA 28 TAB ','Generico',2,1,13.20,10.00,NULL,'Con receta medica',CURDATE(),'',1,1,(SELECT idcliente FROM cliente WHERE nombres='S/LAB' AND tipo='laboratorio' LIMIT 1),1,1,1,'1','01'),
('S/LOTE',COALESCE((SELECT idlote FROM lote WHERE numero='S/LOTE' LIMIT 1), 3),'SILDENAFILO 50MG TAB','Generico',8,1,2.00,2.00,NULL,'Con receta medica',CURDATE(),'',1,1,(SELECT idcliente FROM cliente WHERE nombres='S/LAB' AND tipo='laboratorio' LIMIT 1),1,1,1,'1','01'),
('S/LOTE',COALESCE((SELECT idlote FROM lote WHERE numero='S/LOTE' LIMIT 1), 3),'DEXTROMETORFANO 15MG/5ML X 120ML ','Generico',2,1,7.00,9.00,NULL,'sin receta medica',CURDATE(),'',1,1,(SELECT idcliente FROM cliente WHERE nombres='S/LAB' AND tipo='laboratorio' LIMIT 1),1,1,1,'1','01'),
('S/LOTE',COALESCE((SELECT idlote FROM lote WHERE numero='S/LOTE' LIMIT 1), 3),'PREDNISONA 5MG/5ML X 60ML JAB','Generico',2,1,7.80,6.00,NULL,'Con receta medica',CURDATE(),'',1,1,(SELECT idcliente FROM cliente WHERE nombres='S/LAB' AND tipo='laboratorio' LIMIT 1),1,1,1,'1','01'),
('S/LOTE',COALESCE((SELECT idlote FROM lote WHERE numero='S/LOTE' LIMIT 1), 3),'MICROGYNON X 21 GRAJEAS','Generico',2,1,15.80,13.00,NULL,'Con receta medica',CURDATE(),'',1,1,(SELECT idcliente FROM cliente WHERE nombres='S/LAB' AND tipo='laboratorio' LIMIT 1),1,1,1,'1','01'),
('S/LOTE',COALESCE((SELECT idlote FROM lote WHERE numero='S/LOTE' LIMIT 1), 3),'NISTAFEM OVULOS VAGINALES','Generico',15,1,33.00,4.50,NULL,'Con receta medica',CURDATE(),'',1,1,(SELECT idcliente FROM cliente WHERE nombres='S/LAB' AND tipo='laboratorio' LIMIT 1),1,1,1,'1','01'),
('S/LOTE',COALESCE((SELECT idlote FROM lote WHERE numero='S/LOTE' LIMIT 1), 3),'TU-TEST MIDSTREAM (LAPICERO)','Generico',2,1,7.00,18.00,NULL,'sin receta medica',CURDATE(),'',1,1,(SELECT idcliente FROM cliente WHERE nombres='S/LAB' AND tipo='laboratorio' LIMIT 1),1,1,1,'1','01'),
('S/LOTE',COALESCE((SELECT idlote FROM lote WHERE numero='S/LOTE' LIMIT 1), 3),'RHINO-BB DM 0.9\% GOTAS NASALES X 15ML ','Generico',1,1,11.30,14.00,NULL,'sin receta medica',CURDATE(),'',1,1,(SELECT idcliente FROM cliente WHERE nombres='S/LAB' AND tipo='laboratorio' LIMIT 1),1,1,1,'1','01'),
('S/LOTE',COALESCE((SELECT idlote FROM lote WHERE numero='S/LOTE' LIMIT 1), 3),'SHAMPOO EGO X 400ML ','Generico',4,1,13.80,17.00,NULL,'sin receta medica',CURDATE(),'',1,1,(SELECT idcliente FROM cliente WHERE nombres='S/LAB' AND tipo='laboratorio' LIMIT 1),1,1,1,'1','01'),
('S/LOTE',COALESCE((SELECT idlote FROM lote WHERE numero='S/LOTE' LIMIT 1), 3),'EGO GEL X 100G','Generico',6,1,3.90,6.00,NULL,'sin receta medica',CURDATE(),'',1,1,(SELECT idcliente FROM cliente WHERE nombres='S/LAB' AND tipo='laboratorio' LIMIT 1),1,1,1,'1','01'),
('S/LOTE',COALESCE((SELECT idlote FROM lote WHERE numero='S/LOTE' LIMIT 1), 3),'SHAMPOO CLEAR X 400ML ','Generico',6,1,12.90,16.50,NULL,'sin receta medica',CURDATE(),'',1,1,(SELECT idcliente FROM cliente WHERE nombres='S/LAB' AND tipo='laboratorio' LIMIT 1),1,1,1,'1','01'),
('S/LOTE',COALESCE((SELECT idlote FROM lote WHERE numero='S/LOTE' LIMIT 1), 3),'OTOZAMBON NF GOTAS X 10ML','Generico',2,1,35.00,22.50,NULL,'Con receta medica',CURDATE(),'',1,1,(SELECT idcliente FROM cliente WHERE nombres='S/LAB' AND tipo='laboratorio' LIMIT 1),1,1,1,'1','01'),
('S/LOTE',COALESCE((SELECT idlote FROM lote WHERE numero='S/LOTE' LIMIT 1), 3),'SHAMPOO TIO NACHO X 415ML','Generico',3,1,70.50,28.50,NULL,'sin receta medica',CURDATE(),'',1,1,(SELECT idcliente FROM cliente WHERE nombres='S/LAB' AND tipo='laboratorio' LIMIT 1),1,1,1,'1','01'),
('S/LOTE',COALESCE((SELECT idlote FROM lote WHERE numero='S/LOTE' LIMIT 1), 3),'PARDIL 100MG/5ML SUSP X 60ML ','Generico',1,1,10.00,21.50,NULL,'sin receta medica',CURDATE(),'',1,1,(SELECT idcliente FROM cliente WHERE nombres='S/LAB' AND tipo='laboratorio' LIMIT 1),1,1,1,'1','01'),
('S/LOTE',COALESCE((SELECT idlote FROM lote WHERE numero='S/LOTE' LIMIT 1), 3),'DOLO NEUROPRES FORTE ','Generico',60,1,39.40,2.50,NULL,'sin receta medica',CURDATE(),'',1,1,(SELECT idcliente FROM cliente WHERE nombres='S/LAB' AND tipo='laboratorio' LIMIT 1),1,1,1,'1','01'),
('S/LOTE',COALESCE((SELECT idlote FROM lote WHERE numero='S/LOTE' LIMIT 1), 3),'DOLOCOXIB 200MG (CELECOXIB) ','Generico',100,1,57.00,2.50,NULL,'sin receta medica',CURDATE(),'',1,1,(SELECT idcliente FROM cliente WHERE nombres='S/LAB' AND tipo='laboratorio' LIMIT 1),1,1,1,'1','01'),
('S/LOTE',COALESCE((SELECT idlote FROM lote WHERE numero='S/LOTE' LIMIT 1), 3),'DR.FLU CAPSULA BLANDA','Generico',100,1,52.00,2.00,NULL,'sin receta medica',CURDATE(),'',1,1,(SELECT idcliente FROM cliente WHERE nombres='S/LAB' AND tipo='laboratorio' LIMIT 1),1,1,1,'1','01'),
('S/LOTE',COALESCE((SELECT idlote FROM lote WHERE numero='S/LOTE' LIMIT 1), 3),'ELITON FORTE JARABE X 340ML','Generico',1,1,30.00,38.00,NULL,'sin receta medica',CURDATE(),'',1,1,(SELECT idcliente FROM cliente WHERE nombres='S/LAB' AND tipo='laboratorio' LIMIT 1),1,1,1,'1','01'),
('S/LOTE',COALESCE((SELECT idlote FROM lote WHERE numero='S/LOTE' LIMIT 1), 3),'ELITON CIP AP NF JARABE X 230ML','Generico',1,1,26.20,36.00,NULL,'sin receta medica',CURDATE(),'',1,1,(SELECT idcliente FROM cliente WHERE nombres='S/LAB' AND tipo='laboratorio' LIMIT 1),1,1,1,'1','01'),
('S/LOTE',COALESCE((SELECT idlote FROM lote WHERE numero='S/LOTE' LIMIT 1), 3),'ELIPRIM BALSAMICO NF SUSP X100ML ','Generico',2,1,24.00,24.00,NULL,'sin receta medica',CURDATE(),'',1,1,(SELECT idcliente FROM cliente WHERE nombres='S/LAB' AND tipo='laboratorio' LIMIT 1),1,1,1,'1','01'),
('S/LOTE',COALESCE((SELECT idlote FROM lote WHERE numero='S/LOTE' LIMIT 1), 3),'ASTYMIN JBE X 200ML','Generico',1,1,29.50,52.50,NULL,'sin receta medica',CURDATE(),'',1,1,(SELECT idcliente FROM cliente WHERE nombres='S/LAB' AND tipo='laboratorio' LIMIT 1),1,1,1,'1','01'),
('S/LOTE',COALESCE((SELECT idlote FROM lote WHERE numero='S/LOTE' LIMIT 1), 3),'DOLOMOL (PARACETAMOL 1G)','Generico',30,1,11.40,2.00,NULL,'sin receta medica',CURDATE(),'',1,1,(SELECT idcliente FROM cliente WHERE nombres='S/LAB' AND tipo='laboratorio' LIMIT 1),1,1,1,'1','01'),
('S/LOTE',COALESCE((SELECT idlote FROM lote WHERE numero='S/LOTE' LIMIT 1), 3),'PHARMAPHED 20MG (PREDNISONA)','Generico',100,1,39.50,2.50,NULL,'Con receta medica',CURDATE(),'',1,1,(SELECT idcliente FROM cliente WHERE nombres='S/LAB' AND tipo='laboratorio' LIMIT 1),1,1,1,'1','01'),
('S/LOTE',COALESCE((SELECT idlote FROM lote WHERE numero='S/LOTE' LIMIT 1), 3),'PIRALGINA 500 (METAMIZOL SODICO)','Generico',100,1,20.50,1.00,NULL,'sin receta medica',CURDATE(),'',1,1,(SELECT idcliente FROM cliente WHERE nombres='S/LAB' AND tipo='laboratorio' LIMIT 1),1,1,1,'1','01'),
('S/LOTE',COALESCE((SELECT idlote FROM lote WHERE numero='S/LOTE' LIMIT 1), 3),'MUCOASMAT 600MG (ACETILCISTEINA)','Generico',30,1,41.40,3.50,NULL,'sin receta medica',CURDATE(),'',1,1,(SELECT idcliente FROM cliente WHERE nombres='S/LAB' AND tipo='laboratorio' LIMIT 1),1,1,1,'1','01'),
('S/LOTE',COALESCE((SELECT idlote FROM lote WHERE numero='S/LOTE' LIMIT 1), 3),'UROBAC (CIPROFLOXACINO 500MG)','Generico',30,1,38.10,2.50,NULL,'Con receta medica',CURDATE(),'',1,1,(SELECT idcliente FROM cliente WHERE nombres='S/LAB' AND tipo='laboratorio' LIMIT 1),1,1,1,'1','01'),
('S/LOTE',COALESCE((SELECT idlote FROM lote WHERE numero='S/LOTE' LIMIT 1), 3),'DOLOBRAN FORTE TAB','Generico',100,1,18.00,2.00,NULL,'sin receta medica',CURDATE(),'',1,1,(SELECT idcliente FROM cliente WHERE nombres='S/LAB' AND tipo='laboratorio' LIMIT 1),1,1,1,'1','01'),
('S/LOTE',COALESCE((SELECT idlote FROM lote WHERE numero='S/LOTE' LIMIT 1), 3),'COMTREX ANTIGRIPAL (DIA, NOCHE)','Generico',60,1,45.00,2.50,NULL,'sin receta medica',CURDATE(),'',1,1,(SELECT idcliente FROM cliente WHERE nombres='S/LAB' AND tipo='laboratorio' LIMIT 1),1,1,1,'1','01'),
('S/LOTE',COALESCE((SELECT idlote FROM lote WHERE numero='S/LOTE' LIMIT 1), 3),'NAPROXPORT 550MG TAB','Generico',100,1,32.20,2.00,NULL,'sin receta medica',CURDATE(),'',1,1,(SELECT idcliente FROM cliente WHERE nombres='S/LAB' AND tipo='laboratorio' LIMIT 1),1,1,1,'1','01'),
('S/LOTE',COALESCE((SELECT idlote FROM lote WHERE numero='S/LOTE' LIMIT 1), 3),'REXIVIN FLEX TAB','Generico',60,1,25.80,2.50,NULL,'sin receta medica',CURDATE(),'',1,1,(SELECT idcliente FROM cliente WHERE nombres='S/LAB' AND tipo='laboratorio' LIMIT 1),1,1,1,'1','01'),
('S/LOTE',COALESCE((SELECT idlote FROM lote WHERE numero='S/LOTE' LIMIT 1), 3),'BACTRIM FORTE 400MG + 80MG/5ML X 100ML','Generico',2,1,41.00,28.00,NULL,'Con receta medica',CURDATE(),'',1,1,(SELECT idcliente FROM cliente WHERE nombres='S/LAB' AND tipo='laboratorio' LIMIT 1),1,1,1,'1','01'),
('S/LOTE',COALESCE((SELECT idlote FROM lote WHERE numero='S/LOTE' LIMIT 1), 3),'VITAPYRENA FORTE SOBRES ','Generico',20,1,49.00,2.80,NULL,'sin receta medica',CURDATE(),'',1,1,(SELECT idcliente FROM cliente WHERE nombres='S/LAB' AND tipo='laboratorio' LIMIT 1),1,1,1,'1','01'),
('S/LOTE',COALESCE((SELECT idlote FROM lote WHERE numero='S/LOTE' LIMIT 1), 3),'BRONCO MAGNIMOX CAP ','Generico',100,1,57.50,2.50,NULL,'Con receta medica',CURDATE(),'',1,1,(SELECT idcliente FROM cliente WHERE nombres='S/LAB' AND tipo='laboratorio' LIMIT 1),1,1,1,'1','01'),
('S/LOTE',COALESCE((SELECT idlote FROM lote WHERE numero='S/LOTE' LIMIT 1), 3),'AZOTRIN 500 (AZITROMICINA)','Generico',30,1,48.00,3.80,NULL,'Con receta medica',CURDATE(),'',1,1,(SELECT idcliente FROM cliente WHERE nombres='S/LAB' AND tipo='laboratorio' LIMIT 1),1,1,1,'1','01'),
('S/LOTE',COALESCE((SELECT idlote FROM lote WHERE numero='S/LOTE' LIMIT 1), 3),'CLOBETASOL 0.05\% CREMA X 25G','Generico',3,1,9.30,6.00,NULL,'Con receta medica',CURDATE(),'',1,1,(SELECT idcliente FROM cliente WHERE nombres='S/LAB' AND tipo='laboratorio' LIMIT 1),1,1,1,'1','01'),
('S/LOTE',COALESCE((SELECT idlote FROM lote WHERE numero='S/LOTE' LIMIT 1), 3),'PYRIDIUM 100MG ( FENAZOPERIDINA) ','Generico',10,1,16.50,2.50,NULL,'Con receta medica',CURDATE(),'',1,1,(SELECT idcliente FROM cliente WHERE nombres='S/LAB' AND tipo='laboratorio' LIMIT 1),1,1,1,'1','01'),
('S/LOTE',COALESCE((SELECT idlote FROM lote WHERE numero='S/LOTE' LIMIT 1), 3),'ACEITE JOHNSONS X 50ML','Generico',2,1,14.40,10.50,NULL,'sin receta medica',CURDATE(),'',1,1,(SELECT idcliente FROM cliente WHERE nombres='S/LAB' AND tipo='laboratorio' LIMIT 1),1,1,1,'1','01'),
('S/LOTE',COALESCE((SELECT idlote FROM lote WHERE numero='S/LOTE' LIMIT 1), 3),'HUGGIES NATURAL CARE RN X 20UND ','Generico',2,1,22.00,15.00,NULL,'sin receta medica',CURDATE(),'',1,1,(SELECT idcliente FROM cliente WHERE nombres='S/LAB' AND tipo='laboratorio' LIMIT 1),1,1,1,'1','01'),
('S/LOTE',COALESCE((SELECT idlote FROM lote WHERE numero='S/LOTE' LIMIT 1), 3),'HUGGIES ACTIVE SEC XXGX 74UNDS','Generico',1,1,49.00,56.00,NULL,'sin receta medica',CURDATE(),'',1,1,(SELECT idcliente FROM cliente WHERE nombres='S/LAB' AND tipo='laboratorio' LIMIT 1),1,1,1,'1','01'),
('S/LOTE',COALESCE((SELECT idlote FROM lote WHERE numero='S/LOTE' LIMIT 1), 3),'HUGGIES ACTIVE SEC XGX 74UNDS','Generico',1,1,49.00,56.00,NULL,'sin receta medica',CURDATE(),'',1,1,(SELECT idcliente FROM cliente WHERE nombres='S/LAB' AND tipo='laboratorio' LIMIT 1),1,1,1,'1','01'),
('S/LOTE',COALESCE((SELECT idlote FROM lote WHERE numero='S/LOTE' LIMIT 1), 3),'NINET PAÑAL NARANJA M X 72 UNI','Generico',144,1,84.00,1.20,NULL,'sin receta medica',CURDATE(),'',1,1,(SELECT idcliente FROM cliente WHERE nombres='S/LAB' AND tipo='laboratorio' LIMIT 1),1,1,1,'1','01'),
('S/LOTE',COALESCE((SELECT idlote FROM lote WHERE numero='S/LOTE' LIMIT 1), 3),'NINET PAÑAL NARANJA XXL X 44 UNI','Generico',88,1,84.00,1.20,NULL,'sin receta medica',CURDATE(),'',1,1,(SELECT idcliente FROM cliente WHERE nombres='S/LAB' AND tipo='laboratorio' LIMIT 1),1,1,1,'1','01'),
('S/LOTE',COALESCE((SELECT idlote FROM lote WHERE numero='S/LOTE' LIMIT 1), 3),'AMOXICILINA + BROMHEXINA 500MG+8MG CAP','Generico',100,1,32.00,2.00,NULL,'Con receta medica',CURDATE(),'',1,1,(SELECT idcliente FROM cliente WHERE nombres='S/LAB' AND tipo='laboratorio' LIMIT 1),1,1,1,'1','01'),
('S/LOTE',COALESCE((SELECT idlote FROM lote WHERE numero='S/LOTE' LIMIT 1), 3),'DOLO MIOPRES FORTE ','Generico',20,1,13.60,2.50,NULL,'sin receta medica',CURDATE(),'',1,1,(SELECT idcliente FROM cliente WHERE nombres='S/LAB' AND tipo='laboratorio' LIMIT 1),1,1,1,'1','01'),
('S/LOTE',COALESCE((SELECT idlote FROM lote WHERE numero='S/LOTE' LIMIT 1), 3),'REUMA FROST X 30G','Generico',1,1,3.45,8.00,NULL,'sin receta medica',CURDATE(),'',1,1,(SELECT idcliente FROM cliente WHERE nombres='S/LAB' AND tipo='laboratorio' LIMIT 1),1,1,1,'1','01'),
('S/LOTE',COALESCE((SELECT idlote FROM lote WHERE numero='S/LOTE' LIMIT 1), 3),'REUMA FROST X 60G','Generico',1,1,4.85,14.50,NULL,'sin receta medica',CURDATE(),'',1,1,(SELECT idcliente FROM cliente WHERE nombres='S/LAB' AND tipo='laboratorio' LIMIT 1),1,1,1,'1','01'),
('S/LOTE',COALESCE((SELECT idlote FROM lote WHERE numero='S/LOTE' LIMIT 1), 3),'TAPSIN PLUS CALIENTE NOCHE ','Generico',10,1,11.60,2.50,NULL,'sin receta medica',CURDATE(),'',1,1,(SELECT idcliente FROM cliente WHERE nombres='S/LAB' AND tipo='laboratorio' LIMIT 1),1,1,1,'1','01'),
('S/LOTE',COALESCE((SELECT idlote FROM lote WHERE numero='S/LOTE' LIMIT 1), 3),'TAPSIN PLUS CALIENTE DIA  ','Generico',12,1,13.92,2.50,NULL,'sin receta medica',CURDATE(),'',1,1,(SELECT idcliente FROM cliente WHERE nombres='S/LAB' AND tipo='laboratorio' LIMIT 1),1,1,1,'1','01'),
('S/LOTE',COALESCE((SELECT idlote FROM lote WHERE numero='S/LOTE' LIMIT 1), 3),'OSO PLUS FORTE 100MG (SILDENAFILO)','Generico',4,1,10.00,8.00,NULL,'Con receta medica',CURDATE(),'',1,1,(SELECT idcliente FROM cliente WHERE nombres='S/LAB' AND tipo='laboratorio' LIMIT 1),1,1,1,'1','01'),
('S/LOTE',COALESCE((SELECT idlote FROM lote WHERE numero='S/LOTE' LIMIT 1), 3),'ALGODÓN X 25GR','Generico',4,1,4.40,2.50,NULL,'sin receta medica',CURDATE(),'',1,1,(SELECT idcliente FROM cliente WHERE nombres='S/LAB' AND tipo='laboratorio' LIMIT 1),1,1,1,'1','01'),
('S/LOTE',COALESCE((SELECT idlote FROM lote WHERE numero='S/LOTE' LIMIT 1), 3),'DICLOFENACO GEL 1\% X 50GR','Generico',4,1,8.68,7.50,NULL,'sin receta medica',CURDATE(),'',1,1,(SELECT idcliente FROM cliente WHERE nombres='S/LAB' AND tipo='laboratorio' LIMIT 1),1,1,1,'1','01'),
('S/LOTE',COALESCE((SELECT idlote FROM lote WHERE numero='S/LOTE' LIMIT 1), 3),'ALGODÓN X 50GR','Generico',4,1,8.00,3.00,NULL,'sin receta medica',CURDATE(),'',1,1,(SELECT idcliente FROM cliente WHERE nombres='S/LAB' AND tipo='laboratorio' LIMIT 1),1,1,1,'1','01'),
('S/LOTE',COALESCE((SELECT idlote FROM lote WHERE numero='S/LOTE' LIMIT 1), 3),'ALGODÓN X 100GR','Generico',4,1,14.00,6.50,NULL,'sin receta medica',CURDATE(),'',1,1,(SELECT idcliente FROM cliente WHERE nombres='S/LAB' AND tipo='laboratorio' LIMIT 1),1,1,1,'1','01'),
('S/LOTE',COALESCE((SELECT idlote FROM lote WHERE numero='S/LOTE' LIMIT 1), 3),'TOALLITAS HUMEDAS NINET X 100 UNDS','Generico',6,1,28.80,8.00,NULL,'sin receta medica',CURDATE(),'',1,1,(SELECT idcliente FROM cliente WHERE nombres='S/LAB' AND tipo='laboratorio' LIMIT 1),1,1,1,'1','01'),
('S/LOTE',COALESCE((SELECT idlote FROM lote WHERE numero='S/LOTE' LIMIT 1), 3),'VINAGRE BULLY X 120ML ','Generico',6,1,7.20,2.50,NULL,'sin receta medica',CURDATE(),'',1,1,(SELECT idcliente FROM cliente WHERE nombres='S/LAB' AND tipo='laboratorio' LIMIT 1),1,1,1,'1','01'),
('S/LOTE',COALESCE((SELECT idlote FROM lote WHERE numero='S/LOTE' LIMIT 1), 3),'ACEITE DE OLIVA LA BOTIJA EXTRA VIRGEN X 500ML ','Generico',1,1,25.50,33.90,NULL,'sin receta medica',CURDATE(),'',1,1,(SELECT idcliente FROM cliente WHERE nombres='S/LAB' AND tipo='laboratorio' LIMIT 1),1,1,1,'1','01'),
('S/LOTE',COALESCE((SELECT idlote FROM lote WHERE numero='S/LOTE' LIMIT 1), 3),'BIO ELECTRO TAB','Generico',10,1,6.50,1.50,NULL,'sin receta medica',CURDATE(),'',1,1,(SELECT idcliente FROM cliente WHERE nombres='S/LAB' AND tipo='laboratorio' LIMIT 1),1,1,1,'1','01'),
('S/LOTE',COALESCE((SELECT idlote FROM lote WHERE numero='S/LOTE' LIMIT 1), 3),'MEJORAL TAB','Generico',20,1,4.80,1.00,NULL,'sin receta medica',CURDATE(),'',1,1,(SELECT idcliente FROM cliente WHERE nombres='S/LAB' AND tipo='laboratorio' LIMIT 1),1,1,1,'1','01'),
('S/LOTE',COALESCE((SELECT idlote FROM lote WHERE numero='S/LOTE' LIMIT 1), 3),'DOLO NEUROBION FORTE NF TAB','Generico',8,1,25.44,3.50,NULL,'sin receta medica',CURDATE(),'',1,1,(SELECT idcliente FROM cliente WHERE nombres='S/LAB' AND tipo='laboratorio' LIMIT 1),1,1,1,'1','01'),
('S/LOTE',COALESCE((SELECT idlote FROM lote WHERE numero='S/LOTE' LIMIT 1), 3),'FRAMIDEX NF GOTAS ','Generico',3,1,19.20,13.00,NULL,'Con receta medica',CURDATE(),'',1,1,(SELECT idcliente FROM cliente WHERE nombres='S/LAB' AND tipo='laboratorio' LIMIT 1),1,1,1,'1','01'),
('S/LOTE',COALESCE((SELECT idlote FROM lote WHERE numero='S/LOTE' LIMIT 1), 3),'PANTOPRAZOL 40MG ','Generico',30,1,11.50,2.00,NULL,'sin receta medica',CURDATE(),'',1,1,(SELECT idcliente FROM cliente WHERE nombres='S/LAB' AND tipo='laboratorio' LIMIT 1),1,1,1,'1','01'),
('S/LOTE',COALESCE((SELECT idlote FROM lote WHERE numero='S/LOTE' LIMIT 1), 3),'AZOXANID 500MG X 6 TAB','Generico',6,1,10.50,4.50,NULL,'Con receta medica',CURDATE(),'',1,1,(SELECT idcliente FROM cliente WHERE nombres='S/LAB' AND tipo='laboratorio' LIMIT 1),1,1,1,'1','01'),
('S/LOTE',COALESCE((SELECT idlote FROM lote WHERE numero='S/LOTE' LIMIT 1), 3),'JARABE COMPUESTO X 60ML (ANTICOLERICO)','Generico',6,1,9.12,2.50,NULL,'sin receta medica',CURDATE(),'',1,1,(SELECT idcliente FROM cliente WHERE nombres='S/LAB' AND tipo='laboratorio' LIMIT 1),1,1,1,'1','01'),
('S/LOTE',COALESCE((SELECT idlote FROM lote WHERE numero='S/LOTE' LIMIT 1), 3),'KANANGA X 60ML','Generico',3,1,6.45,4.50,NULL,'sin receta medica',CURDATE(),'',1,1,(SELECT idcliente FROM cliente WHERE nombres='S/LAB' AND tipo='laboratorio' LIMIT 1),1,1,1,'1','01'),
('S/LOTE',COALESCE((SELECT idlote FROM lote WHERE numero='S/LOTE' LIMIT 1), 3),'PAÑAL NINET L X 64 UNDS','Generico',1,1,41.50,49.00,NULL,'sin receta medica',CURDATE(),'',1,1,(SELECT idcliente FROM cliente WHERE nombres='S/LAB' AND tipo='laboratorio' LIMIT 1),1,1,1,'1','01'),
('S/LOTE',COALESCE((SELECT idlote FROM lote WHERE numero='S/LOTE' LIMIT 1), 3),'JARABE COMPUESTO X 100ML (ANTICOLERICO)','Generico',1,1,11.00,22.00,NULL,'sin receta medica',CURDATE(),'',1,1,(SELECT idcliente FROM cliente WHERE nombres='S/LAB' AND tipo='laboratorio' LIMIT 1),1,1,1,'1','01'),
('S/LOTE',COALESCE((SELECT idlote FROM lote WHERE numero='S/LOTE' LIMIT 1), 3),'NEUROBION 10000 AMPOLLA ','Generico',6,1,280.00,65.00,NULL,'sin receta medica',CURDATE(),'',1,1,(SELECT idcliente FROM cliente WHERE nombres='S/LAB' AND tipo='laboratorio' LIMIT 1),1,1,1,'1','01'),
('S/LOTE',COALESCE((SELECT idlote FROM lote WHERE numero='S/LOTE' LIMIT 1), 3),'DOLOCORDRALAN GEL 1\% X 50GR ','Generico',1,1,0.00,20.00,NULL,'sin receta medica',CURDATE(),'',1,1,(SELECT idcliente FROM cliente WHERE nombres='S/LAB' AND tipo='laboratorio' LIMIT 1),1,1,1,'1','01'),
('S/LOTE',COALESCE((SELECT idlote FROM lote WHERE numero='S/LOTE' LIMIT 1), 3),'DOLOCORDRALAN CAP','Generico',54,1,84.80,2.50,NULL,'sin receta medica',CURDATE(),'',1,1,(SELECT idcliente FROM cliente WHERE nombres='S/LAB' AND tipo='laboratorio' LIMIT 1),1,1,1,'1','01'),
('S/LOTE',COALESCE((SELECT idlote FROM lote WHERE numero='S/LOTE' LIMIT 1), 3),'ANAFLEX MUJER 200MG (IBUPROFENO)','Generico',30,1,27.00,1.50,NULL,'sin receta medica',CURDATE(),'',1,1,(SELECT idcliente FROM cliente WHERE nombres='S/LAB' AND tipo='laboratorio' LIMIT 1),1,1,1,'1','01'),
('S/LOTE',COALESCE((SELECT idlote FROM lote WHERE numero='S/LOTE' LIMIT 1), 3),'TIFOCOL CREMA 1\% X 20G (TERBINAFINA)','Generico',2,1,15.00,16.00,NULL,'Con receta medica',CURDATE(),'',1,1,(SELECT idcliente FROM cliente WHERE nombres='S/LAB' AND tipo='laboratorio' LIMIT 1),1,1,1,'1','01'),
('S/LOTE',COALESCE((SELECT idlote FROM lote WHERE numero='S/LOTE' LIMIT 1), 3),'ACICLOVIR 5\% CREMA X 5G','Generico',2,1,4.40,5.00,NULL,'Con receta medica',CURDATE(),'',1,1,(SELECT idcliente FROM cliente WHERE nombres='S/LAB' AND tipo='laboratorio' LIMIT 1),1,1,1,'1','01'),
('S/LOTE',COALESCE((SELECT idlote FROM lote WHERE numero='S/LOTE' LIMIT 1), 3),'TERBINAFINA 1\% CREMA X 20GR','Generico',2,1,12.40,15.00,NULL,'Con receta medica',CURDATE(),'',1,1,(SELECT idcliente FROM cliente WHERE nombres='S/LAB' AND tipo='laboratorio' LIMIT 1),1,1,1,'1','01'),
('S/LOTE',COALESCE((SELECT idlote FROM lote WHERE numero='S/LOTE' LIMIT 1), 3),'SULFADIAZINA DE PLATA 1\% X30GR','Generico',2,1,21.20,15.00,NULL,'Con receta medica',CURDATE(),'',1,1,(SELECT idcliente FROM cliente WHERE nombres='S/LAB' AND tipo='laboratorio' LIMIT 1),1,1,1,'1','01'),
('S/LOTE',COALESCE((SELECT idlote FROM lote WHERE numero='S/LOTE' LIMIT 1), 3),'BENGUE 1\% GEL X 30GR','Generico',1,1,15.20,23.00,NULL,'sin receta medica',CURDATE(),'',1,1,(SELECT idcliente FROM cliente WHERE nombres='S/LAB' AND tipo='laboratorio' LIMIT 1),1,1,1,'1','01'),
('S/LOTE',COALESCE((SELECT idlote FROM lote WHERE numero='S/LOTE' LIMIT 1), 3),'HIPOGLOS EMULSION X 20GR ','Generico',2,1,36.40,24.00,NULL,'sin receta medica',CURDATE(),'',1,1,(SELECT idcliente FROM cliente WHERE nombres='S/LAB' AND tipo='laboratorio' LIMIT 1),1,1,1,'1','01'),
('S/LOTE',COALESCE((SELECT idlote FROM lote WHERE numero='S/LOTE' LIMIT 1), 3),'CEFADROXILO 500mg','Generico',100,1,51.00,1.00,NULL,'Con receta medica',CURDATE(),'',1,1,(SELECT idcliente FROM cliente WHERE nombres='S/LAB' AND tipo='laboratorio' LIMIT 1),1,1,1,'1','01'),
('S/LOTE',COALESCE((SELECT idlote FROM lote WHERE numero='S/LOTE' LIMIT 1), 3),'AZUFRE EN BARRA ','Generico',6,1,10.20,4.00,NULL,'sin receta medica',CURDATE(),'',1,1,(SELECT idcliente FROM cliente WHERE nombres='S/LAB' AND tipo='laboratorio' LIMIT 1),1,1,1,'1','01'),
('S/LOTE',COALESCE((SELECT idlote FROM lote WHERE numero='S/LOTE' LIMIT 1), 3),'ACI-TIP 800MG X 140 COMP MASTICABLE ','Generico',20,1,20.20,2.00,NULL,'sin receta medica',CURDATE(),'',1,1,(SELECT idcliente FROM cliente WHERE nombres='S/LAB' AND tipo='laboratorio' LIMIT 1),1,1,1,'1','01'),
('S/LOTE',COALESCE((SELECT idlote FROM lote WHERE numero='S/LOTE' LIMIT 1), 3),'NOTIPHAR CREMA X 20GR','Generico',4,1,15.20,18.00,NULL,'sin receta medica',CURDATE(),'',1,1,(SELECT idcliente FROM cliente WHERE nombres='S/LAB' AND tipo='laboratorio' LIMIT 1),1,1,1,'1','01'),
('S/LOTE',COALESCE((SELECT idlote FROM lote WHERE numero='S/LOTE' LIMIT 1), 3),'BRONCOPHAR PLUS NF X 60 MONODOSIS ','Generico',60,1,34.76,1.50,NULL,'sin receta medica',CURDATE(),'',1,1,(SELECT idcliente FROM cliente WHERE nombres='S/LAB' AND tipo='laboratorio' LIMIT 1),1,1,1,'1','01'),
('S/LOTE',COALESCE((SELECT idlote FROM lote WHERE numero='S/LOTE' LIMIT 1), 3),'ENTEROPHAR FORTE 50MG/5ML SUSP X 120ML','Generico',1,1,7.50,20.00,NULL,'sin receta medica',CURDATE(),'',1,1,(SELECT idcliente FROM cliente WHERE nombres='S/LAB' AND tipo='laboratorio' LIMIT 1),1,1,1,'1','01'),
('S/LOTE',COALESCE((SELECT idlote FROM lote WHERE numero='S/LOTE' LIMIT 1), 3),'ENTEROPHAR FORTE 50MG/5ML SUSP MONODOSIS','Generico',30,1,17.00,1.50,NULL,'sin receta medica',CURDATE(),'',1,1,(SELECT idcliente FROM cliente WHERE nombres='S/LAB' AND tipo='laboratorio' LIMIT 1),1,1,1,'1','01'),
('S/LOTE',COALESCE((SELECT idlote FROM lote WHERE numero='S/LOTE' LIMIT 1), 3),'DEXAVET 2MG/5ML (DEXAMETASONA) MONODOSIS','Generico',30,1,18.00,1.50,NULL,'Con receta medica',CURDATE(),'',1,1,(SELECT idcliente FROM cliente WHERE nombres='S/LAB' AND tipo='laboratorio' LIMIT 1),1,1,1,'1','01'),
('S/LOTE',COALESCE((SELECT idlote FROM lote WHERE numero='S/LOTE' LIMIT 1), 3),'IBUPIROL EXTRA FORTE 400MG/10ML MONODOSIS','Generico',18,1,14.40,1.50,NULL,'sin receta medica',CURDATE(),'',1,1,(SELECT idcliente FROM cliente WHERE nombres='S/LAB' AND tipo='laboratorio' LIMIT 1),1,1,1,'1','01'),
('S/LOTE',COALESCE((SELECT idlote FROM lote WHERE numero='S/LOTE' LIMIT 1), 3),'REXALER 2.5MG/5ML SUSP X 60ML','Generico',2,1,11.60,20.00,NULL,'Con receta medica',CURDATE(),'',1,1,(SELECT idcliente FROM cliente WHERE nombres='S/LAB' AND tipo='laboratorio' LIMIT 1),1,1,1,'1','01'),
('S/LOTE',COALESCE((SELECT idlote FROM lote WHERE numero='S/LOTE' LIMIT 1), 3),'BRONCOPHAR PLUS NF JARABE X 120ML','Generico',1,1,7.70,18.00,NULL,'sin receta medica',CURDATE(),'',1,1,(SELECT idcliente FROM cliente WHERE nombres='S/LAB' AND tipo='laboratorio' LIMIT 1),1,1,1,'1','01'),
('S/LOTE',COALESCE((SELECT idlote FROM lote WHERE numero='S/LOTE' LIMIT 1), 3),'CLOTRIMAZOL 1\% CREMA X 20GR ','Generico',6,1,9.60,3.50,NULL,'sin receta medica',CURDATE(),'',1,1,(SELECT idcliente FROM cliente WHERE nombres='S/LAB' AND tipo='laboratorio' LIMIT 1),1,1,1,'1','01'),
('S/LOTE',COALESCE((SELECT idlote FROM lote WHERE numero='S/LOTE' LIMIT 1), 3),'BETAMETASONA CREMA 0.5\%','Generico',2,1,4.00,5.00,NULL,'Con receta medica',CURDATE(),'',1,1,(SELECT idcliente FROM cliente WHERE nombres='S/LAB' AND tipo='laboratorio' LIMIT 1),1,1,1,'1','01'),
('S/LOTE',COALESCE((SELECT idlote FROM lote WHERE numero='S/LOTE' LIMIT 1), 3),'ACICLOVIR 5\% CREMA X 5G PORTUGAL','Generico',2,1,2.60,5.00,NULL,'Con receta medica',CURDATE(),'',1,1,(SELECT idcliente FROM cliente WHERE nombres='S/LAB' AND tipo='laboratorio' LIMIT 1),1,1,1,'1','01'),
('S/LOTE',COALESCE((SELECT idlote FROM lote WHERE numero='S/LOTE' LIMIT 1), 3),'DICLOFENACO GEL 1\% X 50GR PORTUGAL','Generico',6,1,6.00,7.50,NULL,'sin receta medica',CURDATE(),'',1,1,(SELECT idcliente FROM cliente WHERE nombres='S/LAB' AND tipo='laboratorio' LIMIT 1),1,1,1,'1','01'),
('S/LOTE',COALESCE((SELECT idlote FROM lote WHERE numero='S/LOTE' LIMIT 1), 3),'PORTIL NF CREMA X 20GR PORTUGAL','Generico',6,1,14.94,6.00,NULL,'sin receta medica',CURDATE(),'',1,1,(SELECT idcliente FROM cliente WHERE nombres='S/LAB' AND tipo='laboratorio' LIMIT 1),1,1,1,'1','01'),
('S/LOTE',COALESCE((SELECT idlote FROM lote WHERE numero='S/LOTE' LIMIT 1), 3),'COXICEL 400MG (CELECOXIB) CAP','Generico',10,1,14.00,4.00,NULL,'sin receta medica',CURDATE(),'',1,1,(SELECT idcliente FROM cliente WHERE nombres='S/LAB' AND tipo='laboratorio' LIMIT 1),1,1,1,'1','01'),
('S/LOTE',COALESCE((SELECT idlote FROM lote WHERE numero='S/LOTE' LIMIT 1), 3),'ETORIGLOB 90MG (ETORICOXIB)','Generico',30,1,36.00,4.00,NULL,'sin receta medica',CURDATE(),'',1,1,(SELECT idcliente FROM cliente WHERE nombres='S/LAB' AND tipo='laboratorio' LIMIT 1),1,1,1,'1','01'),
('S/LOTE',COALESCE((SELECT idlote FROM lote WHERE numero='S/LOTE' LIMIT 1), 3),'ETORIGLOB 120MG (ETORICOXIB)','Generico',30,1,42.00,5.00,NULL,'sin receta medica',CURDATE(),'',1,1,(SELECT idcliente FROM cliente WHERE nombres='S/LAB' AND tipo='laboratorio' LIMIT 1),1,1,1,'1','01'),
('S/LOTE',COALESCE((SELECT idlote FROM lote WHERE numero='S/LOTE' LIMIT 1), 3),'ROXTIL B CREMA X 10GR','Generico',3,1,18.00,15.50,NULL,'sin receta medica',CURDATE(),'',1,1,(SELECT idcliente FROM cliente WHERE nombres='S/LAB' AND tipo='laboratorio' LIMIT 1),1,1,1,'1','01'),
('S/LOTE',COALESCE((SELECT idlote FROM lote WHERE numero='S/LOTE' LIMIT 1), 3),'TOPIMICYN NF UNGÜENTO X 14GR ','Generico',2,1,23.80,24.00,NULL,'Con receta medica',CURDATE(),'',1,1,(SELECT idcliente FROM cliente WHERE nombres='S/LAB' AND tipo='laboratorio' LIMIT 1),1,1,1,'1','01'),
('S/LOTE',COALESCE((SELECT idlote FROM lote WHERE numero='S/LOTE' LIMIT 1), 3),'APRONAX 550MG ','Generico',20,1,31.60,2.00,NULL,'sin receta medica',CURDATE(),'',1,1,(SELECT idcliente FROM cliente WHERE nombres='S/LAB' AND tipo='laboratorio' LIMIT 1),1,1,1,'1','01'),
('S/LOTE',COALESCE((SELECT idlote FROM lote WHERE numero='S/LOTE' LIMIT 1), 3),'KITADOL FORTE X 2 TAB','Generico',20,1,36.80,2.00,NULL,'sin receta medica',CURDATE(),'',1,1,(SELECT idcliente FROM cliente WHERE nombres='S/LAB' AND tipo='laboratorio' LIMIT 1),1,1,1,'1','01'),
('S/LOTE',COALESCE((SELECT idlote FROM lote WHERE numero='S/LOTE' LIMIT 1), 3),'BIBERON HELLO BABY 955 X 15oz','Generico',2,1,24.00,25.00,NULL,'sin receta medica',CURDATE(),'',1,1,(SELECT idcliente FROM cliente WHERE nombres='S/LAB' AND tipo='laboratorio' LIMIT 1),1,1,1,'1','01'),
('S/LOTE',COALESCE((SELECT idlote FROM lote WHERE numero='S/LOTE' LIMIT 1), 3),'BIBERON HELLO BABY 956 X 15oz','Generico',2,1,24.00,26.00,NULL,'sin receta medica',CURDATE(),'',1,1,(SELECT idcliente FROM cliente WHERE nombres='S/LAB' AND tipo='laboratorio' LIMIT 1),1,1,1,'1','01'),
('S/LOTE',COALESCE((SELECT idlote FROM lote WHERE numero='S/LOTE' LIMIT 1), 3),'SET DE ASEO','Generico',2,1,10.00,25.00,NULL,'sin receta medica',CURDATE(),'',1,1,(SELECT idcliente FROM cliente WHERE nombres='S/LAB' AND tipo='laboratorio' LIMIT 1),1,1,1,'1','01'),
('S/LOTE',COALESCE((SELECT idlote FROM lote WHERE numero='S/LOTE' LIMIT 1), 3),'BIBERON BABY GARDY X 14oz','Generico',2,1,26.00,21.90,NULL,'sin receta medica',CURDATE(),'',1,1,(SELECT idcliente FROM cliente WHERE nombres='S/LAB' AND tipo='laboratorio' LIMIT 1),1,1,1,'1','01'),
('S/LOTE',COALESCE((SELECT idlote FROM lote WHERE numero='S/LOTE' LIMIT 1), 3),'BIBERON BABY GARDY X 16oz','Generico',2,1,26.00,28.00,NULL,'sin receta medica',CURDATE(),'',1,1,(SELECT idcliente FROM cliente WHERE nombres='S/LAB' AND tipo='laboratorio' LIMIT 1),1,1,1,'1','01'),
('S/LOTE',COALESCE((SELECT idlote FROM lote WHERE numero='S/LOTE' LIMIT 1), 3),'BIBERON OSO  X 11oz','Generico',2,1,26.00,24.90,NULL,'sin receta medica',CURDATE(),'',1,1,(SELECT idcliente FROM cliente WHERE nombres='S/LAB' AND tipo='laboratorio' LIMIT 1),1,1,1,'1','01'),
('S/LOTE',COALESCE((SELECT idlote FROM lote WHERE numero='S/LOTE' LIMIT 1), 3),'BIBERON X 7oz','Generico',2,1,24.00,22.90,NULL,'sin receta medica',CURDATE(),'',1,1,(SELECT idcliente FROM cliente WHERE nombres='S/LAB' AND tipo='laboratorio' LIMIT 1),1,1,1,'1','01'),
('S/LOTE',COALESCE((SELECT idlote FROM lote WHERE numero='S/LOTE' LIMIT 1), 3),'BIBERON VIDRIO X 5oz','Generico',2,1,24.00,24.90,NULL,'sin receta medica',CURDATE(),'',1,1,(SELECT idcliente FROM cliente WHERE nombres='S/LAB' AND tipo='laboratorio' LIMIT 1),1,1,1,'1','01'),
('S/LOTE',COALESCE((SELECT idlote FROM lote WHERE numero='S/LOTE' LIMIT 1), 3),'BIBERON SANTOLEE X 10oz','Generico',2,1,36.00,29.00,NULL,'sin receta medica',CURDATE(),'',1,1,(SELECT idcliente FROM cliente WHERE nombres='S/LAB' AND tipo='laboratorio' LIMIT 1),1,1,1,'1','01'),
('S/LOTE',COALESCE((SELECT idlote FROM lote WHERE numero='S/LOTE' LIMIT 1), 3),'BIBERON PLASTICO TAPA CON SONAJA X 8oz','Generico',2,1,24.00,24.00,NULL,'sin receta medica',CURDATE(),'',1,1,(SELECT idcliente FROM cliente WHERE nombres='S/LAB' AND tipo='laboratorio' LIMIT 1),1,1,1,'1','01'),
('S/LOTE',COALESCE((SELECT idlote FROM lote WHERE numero='S/LOTE' LIMIT 1), 3),'NUBY TIJERA CORTAUÑA','Generico',2,1,24.00,16.00,NULL,'sin receta medica',CURDATE(),'',1,1,(SELECT idcliente FROM cliente WHERE nombres='S/LAB' AND tipo='laboratorio' LIMIT 1),1,1,1,'1','01'),
('S/LOTE',COALESCE((SELECT idlote FROM lote WHERE numero='S/LOTE' LIMIT 1), 3),'BIBERON VIDRIO X 6oz','Generico',2,1,28.00,25.90,NULL,'sin receta medica',CURDATE(),'',1,1,(SELECT idcliente FROM cliente WHERE nombres='S/LAB' AND tipo='laboratorio' LIMIT 1),1,1,1,'1','01'),
('S/LOTE',COALESCE((SELECT idlote FROM lote WHERE numero='S/LOTE' LIMIT 1), 3),'BIBERON PLASTICO TAPA CON SONAJA X 5oz','Generico',2,1,22.00,18.00,NULL,'sin receta medica',CURDATE(),'',1,1,(SELECT idcliente FROM cliente WHERE nombres='S/LAB' AND tipo='laboratorio' LIMIT 1),1,1,1,'1','01'),
('S/LOTE',COALESCE((SELECT idlote FROM lote WHERE numero='S/LOTE' LIMIT 1), 3),'BIBERON OSO X6oz','Generico',2,1,24.00,22.90,NULL,'sin receta medica',CURDATE(),'',1,1,(SELECT idcliente FROM cliente WHERE nombres='S/LAB' AND tipo='laboratorio' LIMIT 1),1,1,1,'1','01'),
('S/LOTE',COALESCE((SELECT idlote FROM lote WHERE numero='S/LOTE' LIMIT 1), 3),'BIBERON  X 12oz','Generico',2,1,26.00,23.90,NULL,'sin receta medica',CURDATE(),'',1,1,(SELECT idcliente FROM cliente WHERE nombres='S/LAB' AND tipo='laboratorio' LIMIT 1),1,1,1,'1','01'),
('S/LOTE',COALESCE((SELECT idlote FROM lote WHERE numero='S/LOTE' LIMIT 1), 3),'TOMATODO X 10oz','Generico',2,1,20.00,15.00,NULL,'sin receta medica',CURDATE(),'',1,1,(SELECT idcliente FROM cliente WHERE nombres='S/LAB' AND tipo='laboratorio' LIMIT 1),1,1,1,'1','01'),
('S/LOTE',COALESCE((SELECT idlote FROM lote WHERE numero='S/LOTE' LIMIT 1), 3),'TOMATODO DISEÑO ','Generico',2,1,24.00,18.90,NULL,'sin receta medica',CURDATE(),'',1,1,(SELECT idcliente FROM cliente WHERE nombres='S/LAB' AND tipo='laboratorio' LIMIT 1),1,1,1,'1','01'),
('S/LOTE',COALESCE((SELECT idlote FROM lote WHERE numero='S/LOTE' LIMIT 1), 3),'TOMATODO BK','Generico',2,1,20.00,16.80,NULL,'sin receta medica',CURDATE(),'',1,1,(SELECT idcliente FROM cliente WHERE nombres='S/LAB' AND tipo='laboratorio' LIMIT 1),1,1,1,'1','01'),
('S/LOTE',COALESCE((SELECT idlote FROM lote WHERE numero='S/LOTE' LIMIT 1), 3),'CHUPON TUINIES','Generico',2,1,14.00,11.00,NULL,'sin receta medica',CURDATE(),'',1,1,(SELECT idcliente FROM cliente WHERE nombres='S/LAB' AND tipo='laboratorio' LIMIT 1),1,1,1,'1','01'),
('S/LOTE',COALESCE((SELECT idlote FROM lote WHERE numero='S/LOTE' LIMIT 1), 3),'BIBERON TUINIES','Generico',2,1,32.00,26.00,NULL,'sin receta medica',CURDATE(),'',1,1,(SELECT idcliente FROM cliente WHERE nombres='S/LAB' AND tipo='laboratorio' LIMIT 1),1,1,1,'1','01'),
('S/LOTE',COALESCE((SELECT idlote FROM lote WHERE numero='S/LOTE' LIMIT 1), 3),'PAPEL PARACAS NARANJA','Generico',20,1,23.12,2.00,NULL,'sin receta medica',CURDATE(),'',1,1,(SELECT idcliente FROM cliente WHERE nombres='S/LAB' AND tipo='laboratorio' LIMIT 1),1,1,1,'1','01'),
('S/LOTE',COALESCE((SELECT idlote FROM lote WHERE numero='S/LOTE' LIMIT 1), 3),'NOSOTRAS INVISIBLE RAPIGEL','Generico',6,1,28.08,6.50,NULL,'sin receta medica',CURDATE(),'',1,1,(SELECT idcliente FROM cliente WHERE nombres='S/LAB' AND tipo='laboratorio' LIMIT 1),1,1,1,'1','01'),
('S/LOTE',COALESCE((SELECT idlote FROM lote WHERE numero='S/LOTE' LIMIT 1), 3),'TOALLA NOSOTRAS BUENAS NOCHES X UNIDAD','Generico',4,1,0.00,1.00,NULL,'sin receta medica',CURDATE(),'',1,1,(SELECT idcliente FROM cliente WHERE nombres='S/LAB' AND tipo='laboratorio' LIMIT 1),1,1,1,'1','01');
COMMIT;